[
	{
		"text": "か…帰る<br/>場所はもう無い…<br/>君の…星は<br/>破壊された。<br/>サイレント<br/>スカベンジャーズ<br/>の仕業だ"
		,"style": "left: 60.5175%;top: 4.1575%;width: 36.2270%;height: 50.5470%;font-size: 16px;color: #490A0D;background-color: #6F597C;border-radius: 50%;"
		,"class": "CENTER"
	}
	,{
		"text": "俺の兄弟が<br/>警告の連絡を<br/>くれたが<br/>時間が<br/>無かった…"
		,"style": "left: 73.5392%;top: 66.3020%;width: 26.2104%;height: 32.8228%;font-size: 16px;color: #4D151C;background-color: #765F83;border-radius: 50% 10% 10% 10%;"
		,"class": "CENTER"
	}
]