[
	{
		"text": "タイタン<br/>ってあなたが<br/>“全知”って<br/>言ったやつ?<br/>ギル?<br/>♥"
		,"style": "left: 40.6511%;top: 7.0022%;width: 25.2087%;height: 50.5470%;font-size: 20px;color: #D535BF;background-color: #000D29;border-radius: 50%;"
		,"class": "CENTER"
	}
	,{
		"text": "うん…<br/>そうさ"
		,"style": "left: 86.8948%;top: 38.9497%;width: 12.6878%;height: 22.9759%;font-size: 20px;color: #1352A8;background-color: #7AAFFE;border-radius: 50% 10% 10% 50%;"
		,"class": "CENTER"
	}
]