[
	{
		"text": "その<br/>予定さ!"
		,"style": "left: 25.6260%;top: 5.9081%;width: 18.8648%;height: 21.8818%;font-size: 20px;color: #084CB2;background-color: #6CB2FF;border-radius: 45%;"
		,"class": "CENTER"
	}
	,{
		"text": "タイタンに<br/>聞くって約束して<br/>♥"
		,"style": "left: 44.6578%;top: 61.7068%;width: 27.5459%;height: 20.3501%;font-size: 18px;color: #FC25EE;background-color: #001A53;border-radius: 45%;"
		,"class": "CENTER"
	}
	,{
		"text": "ネイビー<br/>約束するよ"
		,"style": "left: 71.8698%;top: 77.0241%;width: 25.3756%;height: 22.7571%;font-size: 20px;color: #084CB2;background-color: #6CB2FF;border-radius: 45%;"
		,"class": "CENTER"
	}
]