[
	{
		"text": "で…<br/>あんたが死ぬ日が<br/>ついに来たわけ?"
		,"style": "left: 3.0885%;top: 2.8446%;width: 36.2270%;height: 35.6674%;font-size: 20px;color: #C46A2C;background-color: #280606;border-radius: 50%;"
		,"class": "CENTER"
	}
	,{
		"text": "良い<br/>厄介払いね<br/>クソガキ"
		,"style": "left: 72.2037%;top: 70.2407%;width: 27.0451%;height: 29.1028%;font-size: 20px;color: #C46A2C;background-color: #280606;border-radius: 50%;"
		,"class": "CENTER"
	}
]