[
	{
		"text": "私死んだの!?"
		,"style": "left: 46.8280%;top: 0.6565%;width: 38.5643%;height: 17.5055%;font-size: 30px;color: #FF0000;background-color: #140A1D;border-radius: 50%;"
		,"class": "CENTER"
	}
	,{
		"text": "そう思うけど…<br/>あんたが出血して<br/>辺獄に落ちるまで<br/>少し時間がかかるようね"
		,"style": "left: 23.4558%;top: 64.7702%;width: 41.0684%;height: 34.5733%;font-size: 20px;color: #DA6F30;background-color: #250704;border-radius: 50% 50% 10% 10%;"
		,"class": "CENTER"
	}
]