[
	{
		"text": "でも私が<br/>死にかけなら…<br/>どうして<br/>君が<br/>見えるの?"
		,"style": "left: 40.3172%;top: 2.4070%;width: 28.8815%;height: 33.0416%;font-size: 16px;color: #FF2000;background-color: #020413;border-radius: 50%;"
		,"class": "CENTER"
	}
	,{
		"text": "私は病気じゃ<br/>ないっつーの<br/>このアホ!"
		,"style": "left: 36.6444%;top: 48.5777%;width: 29.0484%;height: 25.8206%;font-size: 16px;color: #FE9330;background-color: #300702;border-radius: 50%;"
		,"class": "CENTER"
	}
	,{
		"text": "私も死んでるのよ<br/>この15年間“一度でも”<br/>私の話を聞いてりゃ<br/>知ってるでしょ"
		,"style": "left: 31.6361%;top: 72.6477%;width: 36.5609%;height: 28.8840%;font-size: 16px;color: #FE9330;background-color: #300702;border-radius: 50% 50% 10% 10%;"
		,"class": "CENTER"
	}
]