[
	{
		"text": "私達の<br/>唯一の<br/>違いは…"
		,"style": "left: 46.8280%;top: 47.0460%;width: 22.7045%;height: 29.3217%;font-size: 16px;color: #E46B1D;background-color: #520202;border-radius: 50%;"
		,"class": "CENTER"
	}
	,{
		"text": "私の高位なる魂は<br/>他の宇宙に転生するの<br/>つまり…<br/>アンタの宇宙ね"
		,"style": "left: 58.8481%;top: 72.6477%;width: 32.5543%;height: 26.4770%;font-size: 16px;color: #E46B1D;background-color: #520202;border-radius: 50% 45% 10% 10%;"
		,"class": "CENTER"
	}
]