[
	{
		"text": "別に…<br/>大差は<br/>ないけど…"
		,"style": "left: 1.1686%;top: 1.7505%;width: 27.7129%;height: 42.0131%;font-size: 20px;color: #CD1400;background-color: #000103;border-radius: 50% 50% 50% 50%;"
		,"class": "CENTER"
	}
	,{
		"text": "…でも怖いの。<br/>君のせいで、<br/>私を気にかける人は<br/>いなくなったけど"
		,"style": "left: 0.3339%;top: 55.7987%;width: 30.5509%;height: 43.5449%;font-size: 20px;color: #CD1400;background-color: #000103;border-radius: 50% 50% 50% 40%;"
		,"class": "CENTER"
	}
	,{
		"text": "こんな<br/>事故死なら<br/>誰かが私の死体を<br/>見つけて<br/>少しは気にかけて<br/>くれるでしょ"
		,"style": "left: 71.2855%;top: 42.0131%;width: 26.5442%;height: 45.9519%;font-size: 16px;color: #CD1400;background-color: #000103;border-radius: 50% 50% 50% 50%;"
		,"class": "CENTER"
	}
]