[
	{
		"text": "それにきっと…<br/>私は死ぬべきじゃ<br/>なかったとか<br/>良い事を考えて<br/>くれるでしょ"
		,"style": "left: 1.8364%;top: 52.9540%;width: 32.3873%;height: 45.0766%;font-size: 20px;color: #CD1400;background-color: #000103;border-radius: 50% 50% 50% 50%;"
		,"class": "CENTER"
	}
	,{
		"text": "何故<br/>そんな怒るの?<br/>どっちみち君の<br/>第２のチャンスは<br/>手に入ったでしょ"
		,"style": "left: 69.2821%;top: 67.1772%;width: 30.2170%;height: 32.3851%;font-size: 18px;color: #CD1400;background-color: #000103;border-radius: 50% 50% 10% 10%;"
		,"class": "CENTER"
	}
]