[
	{
		"text": "お前の体から<br/>自由になる<br/>最後の手段が<br/>お前の死だ、<br/>お前は15年も<br/>私の自由を<br/>拒否した!<br/>我儘な理由で!"
		,"style": "left: 0.5008%;top: 32.6039%;width: 24.5409%;height: 66.3020%;font-size: 16px;color: #DE7B32;background-color: #080103;border-radius: 10% 50% 50% 10%;"
		,"class": "CENTER"
	}
	,{
		"text": "お前が私を無視しなきゃ<br/>私がこの宇宙にどれ程重要か<br/>理解してたろう!<br/>私には手つかずの<br/>やり残した仕事が<br/>あるんだ!"
		,"style": "left: 58.4307%;top: 0.6565%;width: 40.4007%;height: 36.7615%;font-size: 16px;color: #DE7B32;background-color: #080103;border-radius: 10% 10% 50% 50%;"
		,"class": "CENTER"
	}
]