[
	{
		"text": "やり残した<br/>仕事ね…でも<br/><br/>私しか君が<br/>見えないなら<br/>一体何の仕事が?"
		,"style": "left: 1.0017%;top: 0.8753%;width: 31.0518%;height: 60.1751%;font-size: 16px;color: #D81E01;background-color: #01030F;border-radius: 30% 40% 50% 40%;"
		,"class": "CENTER"
	}
	,{
		"text": "そもそも<br/>君は誰なの?"
		,"style": "left: 70.4508%;top: 76.3676%;width: 29.2154%;height: 22.5383%;font-size: 16px;color: #D81E01;background-color: #01030F;border-radius: 50% 50% 10% 10%;"
		,"class": "CENTER"
	}
]