[
	{
		"text": "私を救世主として<br/>尊敬する人達もいるけど…"
		,"style": "left: 41.6528%;top: -0.6565%;width: 49.4157%;height: 26.9147%;font-size: 16px;color: #D18037;background-color: #270704;border-radius: 10% 10% 50% 50%;"
		,"class": "CENTER"
	}
	,{
		"text": "アンタには<br/>私の名を呼ぶ権利が<br/>あるかもね…"
		,"style": "left: 45.6594%;top: 80.5252%;width: 53.7563%;height: 19.2560%;font-size: 16px;color: #D18037;background-color: #270704;border-radius: 50% 50% 10% 10%;"
		,"class": "CENTER"
	}
]