[
	{
		"text": "オレなら<br/>助けられるぜ<br/><span style=\"font-weight: bold;\">もちろぉぉん</span>"
		,"style": "font-size: 15px;left: 8.5%;top: 5%;width: 95px;height: 68px;border-radius: 10%;"
		,"class": "CENTER WHITE"
	}
	,{
		"text": "<span style=\"font-weight: bold;\">秘密の研究所</span>で好きなだけ<br/>目を付けて<br/>直せるぜ"
		,"style": "font-size: 15px;left: 25.5%;top: 37.5%;width: 98px;height: 79px;border-radius: 10%;"
		,"class": "CENTER WHITE"
	}
	,{
		"text": "<span style=\"font-weight: bold;\">秘密の<br/>研究…</span>"
		,"style": "font-size: 16px;left: 49.5%;top: 8.5%;width: 66px;border-radius: 0%;"
		,"class": "WHITE"
	}
	,{
		"text": "むぐっ!"
		,"style": "font-size: 11px;left: 85.5%;top: 8%;border-radius: 0%;"
		,"class": "WHITE"
	}
	,{
		"text": "<span><span style=\"font-weight: bold;\">秘密</span>と</span>呼ぶのは<br/>訳ありだぜ<br/><span style=\"font-weight: bold;\">お嬢さん</span>"
		,"style": "font-size: 15px;left: 77.3%;top: 33%;width: 94px;height: 69px;border-radius: 20%;"
		,"class": "CENTER WHITE"
	}
	,{
		"text": "<span style=\"font-weight: bold;\">とにかぁぁぁく</span><br/>オレの申し出を<br/>覚えててくれ"
		,"style": "font-size: 15px;left: 8%;top: 52.2%;border-radius: 0%;"
		,"class": "WHITE"
	}
	,{
		"text": "お代は<br/>一本小さな<br/><span style=\"font-weight: bold;\">手だぁぁぁ</span>"
		,"style": "font-size: 16px;left: 24%;top: 55%;border-radius: 0%;"
		,"class": "WHITE"
	}
	,{
		"text": "<span style=\"font-weight: bold;\">手…？</span>"
		,"style": "font-size: 22px;left: 20%;top: 72%;width: 92px;height: 51px;border-radius: 10%;"
		,"class": "CENTER WHITE"
	}
]