[
	{
		"text": "あたしの嫌いな<br/>サイクロプス<br/>の手を使えば<br/>多分彼を<br/>救える"
		,"style": "font-size: 14px;left: 29.1%;top: 10%;border-radius: 20%;"
		,"class": "WHITE"
	}
	,{
		"text": "あの巨大な腕を<br/>パンケーキ<br/>みたく平たく<br/>叩き潰すか…<br/>真っ二つか…<br/>細切れに<br/>引き裂けるわ"
		,"style": "font-size: 15px;left: 75%;top: 21%;border-radius: 20%;"
		,"class": "WHITE"
	}
	,{
		"text": "でもそしたら<br/>カズはあたしが<br/>乱暴って知るわ…<br/>乱暴で目の数も<br/>全然足りない"
		,"style": "font-size: 15px;left: 9%;top: 45.5%;border-radius: 20%;"
		,"class": "WHITE"
	}
	,{
		"text": "多分あたしは<br/>手を無くした<br/>方がいい。<br/>ジャイロに渡せば<br/>彼はやめる、<br/>そして…"
		,"style": "font-size: 16px;left: 15%;top: 62.5%;border:solid 1px;border-radius: 0%;"
		,"class": "WHITE"
	}
	,{
		"text": "そして<br/>…！"
		,"style": "font-size: 16px;color: white;background-color: black;left: 38%;top: 71.5%;border-radius: 0%;"
		,"class": ""
	}
	,{
		"text": "心配いらない。<br/>僕が君の<br/>手になるよ"
		,"style": "font-size: 16px;left: 51.5%;top: 65%;border-radius: 20%;"
		,"class": "WHITE"
	}
	,{
		"text": "<span style=\"font-weight: bold;\">危ない!</span>"
		,"style": "font-size: 31px;left: 80%;top: 86.6%;border-radius: 10%;"
		,"class": "WHITE"
	}
]