[
	{
		"text": "わ！わ！<br/>悪者を<br/>倒したの？"
		,"style": "font-size: 15px;left: 35%;top: 7.5%;border-radius: 10%;"
		,"class": "WHITE"
	}
	,{
		"text": "もちろん。<br/>でも心配は<br/>いらないぜ、<br/>明日には<br/>別のと<br/>戦ってるさ"
		,"style": "font-size: 15px;left: 76.6%;top: 8.5%;border-radius: 20%;"
		,"class": "WHITE"
	}
	,{
		"text": "ところで、<br/>どうにかしろよ<br/>お前の…あれ？"
		,"style": "font-size: 16px;left: 32.5%;top: 28.3%;border-radius: 10%;"
		,"class": "WHITE"
	}
]