[
	{
		"text": "<span style=\"font-weight: bold;\">やめろ<br/>！！</span>"
		,"style": "font-size: 22px;left: 11.5%;top: 8%;border-radius: 20%;"
		,"class": "WHITE"
	}
	,{
		"text": "な…"
		,"style": "font-size: 20px;left: 12.5%;top: 15%;border-radius: 20%;"
		,"class": "WHITE"
	}
	,{
		"text": "<span style=\"font-weight: bold;\">彼女を<br/>離せ！！</span>"
		,"style": "font-size: 16px;left: 52%;top: 11%;border-radius: 20%;"
		,"class": "WHITE"
	}
	,{
		"text": "<span style=\"font-weight: bold;\">うぐっ<br/>！</span>"
		,"style": "font-size: 14px;left: 42%;top: 81.6%;border-radius: 20%;"
		,"class": "WHITE"
	}
	,{
		"text": "<span style=\"font-weight: bold;\">やめろ！</span><br/>死ぬ気<br/>かよ！"
		,"style": "font-size: 20px;left: 76%;top: 70.0%;width: 86px;border-radius: 20%;"
		,"class": "WHITE"
	}
]