[
	{
		"text": "<span style=\"font-weight: bold;\">オレェェェ<br/>の<br/>仲間になれ!</span>"
		,"style": "font-size: 20px;left: 38.5%;top: 19%;border-radius: 20%;"
		,"class": "WHITE"
	}
	,{
		"text": "<span style=\"font-weight: bold;\">お前の<br/>脳ぉぉぉぉ<br/>が欲しい！</span>"
		,"style": "font-size: 20px;left: 33.5%;top: 37%;border-radius: 20%;"
		,"class": "WHITE"
	}
	,{
		"text": "<span style=\"font-size: large;font-weight: bold;\">うぐ<br/>っ</span>"
		,"style": "font-size: 16px;left: 27.1%;top: 52.5%;border-radius: 20%;"
		,"class": "WHITE"
	}
	,{
		"text": "オレの脳!?<br/>なんだ、<br/>食う気か？"
		,"style": "font-size: 16px;left: 54.5%;top: 40%;border-radius: 20%;"
		,"class": "WHITE"
	}
	,{
		"text": "違う、違う！<br/>オレが欲しいのは<br/><span style=\"font-weight: bold;\">パートナァァァ！</span>"
		,"style": "font-size: 14px;left: 79.3%;top: 40%;border-radius: 20%;"
		,"class": "WHITE"
	}
	,{
		"text": "悪いが、<br/>オレはお前の<br/>奥さんに<br/>興味ないぜ"
		,"style": "font-size: 15px;left: 76.5%;top: 78%;border-radius: 20%;"
		,"class": "WHITE"
	}
]