[
	{
		"text": "とにかく<br/>お前のやってる<br/>ことを…<br/><span style=\"font-weight: bold;\">くいとめる！</span>"
		,"style": "font-size: 16px;left: 40.5%;top: 40%;border-radius: 20%;"
		,"class": "WHITE"
	}
	,{
		"text": "<span style=\"font-weight: bold;\">正直言って、</span><br/>お前の見識の<br/>なさには<br/>失望したぜ、<br/>ニモ"
		,"style": "font-size: 16px;left: 75%;top: 44%;border-radius: 20%;"
		,"class": "WHITE"
	}
	,{
		"text": "オレ達が<br/><span style=\"font-weight: bold;\">戦ぁぁぁう<br/>必要はない！</span>"
		,"style": "font-size: 15px;left: 80%;top: 53.5%;border-radius: 20%;"
		,"class": "WHITE"
	}
	,{
		"text": "おい、<br/>黙れ"
		,"style": "font-size: 20px;left: 77%;top: 85%;border-radius: 20%;"
		,"class": "WHITE"
	}
]