[
	{
		"text": "生きてる、<br/>ニモ！<br/>実験は<br/>成功だ！"
		,"style": "font-size: 16px;left: 44%;top: 11%;border-radius: 0%;"
		,"class": "WHITE"
	}
	,{
		"text": "<span style=\"font-weight: bold;\">ふぁ～あ</span>"
		,"style": "font-size: 24px;left: 76.1%;top: 8.3%;border-radius: 0%;"
		,"class": "WHITE"
	}
	,{
		"text": "お前の<br/>課題が<br/>終わって<br/>嬉しいよ、<br/>カズ…"
		,"style": "font-size: 14px;left: 49.5%;top: 31.3%;width: 89px;height: 82px;border-radius: 10%;"
		,"class": "CENTER WHITE"
	}
	,{
		"text": "でも<br/>急がなきゃ<br/>俺達遅刻だ"
		,"style": "font-size: 16px;left: 80.7%;top: 46.9%;border-radius: 0%;"
		,"class": "WHITE"
	}
	,{
		"text": "朝食！"
		,"style": "font-size: 16px;left: 53.4%;top: 61%;width: 66px;border-radius: 0%;"
		,"class": "WHITE"
	}
	,{
		"text": "朝食<br/>食べ<br/>なきゃ！"
		,"style": "font-size: 16px;left: 61.3%;top: 63%;border-radius: 10%;"
		,"class": "WHITE"
	}
	,{
		"text": "１日で<br/>最も大切な<br/>食事だ！"
		,"style": "font-size: 15px;left: 78.5%;top: 60.4%;border-radius: 20%;"
		,"class": "WHITE"
	}
]