[
	{
		"text": "私の体の<br/>微細な振動が<br/>脳波を破壊する<br/>愉快な力を<br/>持っていると<br/>気付くだろう"
		,"style": "font-size: 16px;left: 10%;top: 6.5%;border-radius: 20%;"
		,"class": "WHITE"
	}
	,{
		"text": "さぁ…<br/><span style=\"font-weight: bold;\">見るがいい、<br/>物理学の<br/>力を！</span>"
		,"style": "font-size: 20px;left: 71.5%;top: 20%;border-radius: 30%;"
		,"class": "WHITE"
	}
	,{
		"text": "私が<br/>君なら<br/>動かない"
		,"style": "font-size: 19px;left: 85%;top: 73.6%;border-radius: 20%;"
		,"class": "WHITE"
	}
]