[
	{
		"text": "おー、次は<br/>アレをやる気<br/>なの？"
		,"style": "font-size: 16px;left: 58%;top: 3%;border-radius: 20%;"
		,"class": "WHITE"
	}
	,{
		"text": "アレ<br/>やって!<br/>アレ<br/>やって!"
		,"style": "font-size: 16px;left: 72%;top: 3%;border-radius: 20%;"
		,"class": "WHITE"
	}
	,{
		"text": "いいよ、私は<br/>見せたくないが<br/>選択肢はない<br/>ようだね"
		,"style": "font-size: 16px;left: 33%;top: 38.5%;border-radius: 20%;"
		,"class": "WHITE"
	}
	,{
		"text": "君達の微弱な<br/>感覚器官では<br/>不思議と<br/>見えないだろう、<br/>だがこの部屋は<br/>数インチ単位で<br/>私の計算下だ"
		,"style": "font-size: 16px;left: 7.5%;top: 70%;border-radius: 30%;"
		,"class": "WHITE"
	}
	,{
		"text": "私の攻撃速度も<br/>コースも<br/>含めてな…<br/>だがもう少し<br/>面白いことが<br/>起こる"
		,"style": "font-size: 16px;left: 72.2%;top: 74%;border-radius: 20%;"
		,"class": "WHITE"
	}
]