[
	{
		"text": "許せ生徒達よ、<br/>教室に生徒が<br/>４人では正しく<br/>敬意ある扱いを<br/>獲物…(ゴホン)<br/><span style=\"font-weight: bold;\">材料</span>にできない"
		,"style": "font-size: 14px;left: 31%;top: 8.5%;border-radius: 20%;"
		,"class": "WHITE"
	}
	,{
		"text": "自習時間だと<br/>考えてくれ。<br/>自由に肝臓を料理<br/>してもいい…"
		,"style": "font-size: 14px;left: 51%;top: 9.5%;border-radius: 20%;"
		,"class": "WHITE"
	}
	,{
		"text": "…肝臓形クッキー<br/>を焼くのもいい…<br/>その素晴らしさを<br/>考えつつノートに<br/>肝臓を落書き<br/>してもいい"
		,"style": "font-size: 14px;left: 51%;top: 17.5%;border-radius: 20%;"
		,"class": "WHITE"
	}
	,{
		"text": "お前がそれ<br/>作ったなんて<br/>驚いたぜ。<br/>幽霊よりもさ"
		,"style": "font-size: 15px;left: 24.2%;top: 41.2%;border-radius: 20%;"
		,"class": "WHITE"
	}
	,{
		"text": "科学の<br/>課題…？"
		,"style": "font-size: 16px;left: 37.2%;top: 42%;border-radius: 20%;"
		,"class": "WHITE"
	}
	,{
		"text": "えっ？<br/>なんで誰も<br/>授業に来ない？<br/>全然分から<br/>ないなぁ！<br/>僕は怖くな…"
		,"style": "font-size: 14px;left: 78.5%;top: 42.5%;border-radius: 20%;"
		,"class": "WHITE"
	}
	,{
		"text": "ごめん<br/>遅れたわ"
		,"style": "font-size: 16px;left: 19%;top: 65.5%;border-radius: 20%;"
		,"class": "WHITE"
	}
	,{
		"text": "<span style=\"font-weight: bold;\">キャア！</span><br/>なんだ<br/>マリナか"
		,"style": "font-size: 16px;left: 23%;top: 86%;border-radius: 20%;"
		,"class": "WHITE"
	}
	,{
		"text": "生徒会長は<br/>良い見本たるべき<br/>だけど、恐ろしい<br/>亡霊で立ち往生<br/>してたの"
		,"style": "font-size: 14.5px;left: 41.2%;top: 60%;border-radius: 20%;"
		,"class": "WHITE"
	}
	,{
		"text": "少し困惑よ、<br/>私の生と死後の<br/>全体観が<br/>逆転した<br/>ようなものを<br/>見たから"
		,"style": "font-size: 15px;left: 50%;top: 84%;border-radius: 20%;"
		,"class": "WHITE"
	}
	,{
		"text": "ねぇ、<br/>クッキー<br/>焼いたの！<br/>誰か一つ<br/>いかが？"
		,"style": "font-size: 14px;left: 79.5%;top: 75.5%;border-radius: 30%;"
		,"class": "WHITE"
	}
]