[
	{
		"text": "トビーは気絶<br/>してるようだ、<br/>お嬢さん達には<br/>チャンスを<br/>やろう…"
		,"style": "font-size: 15px;left: 17.6%;top: 4%;border-radius: 30%;"
		,"class": "WHITE"
	}
	,{
		"text": "だがこの<br/>邪悪な設備には<br/><span style=\"font-weight: bold;\">消えてもらう</span>"
		,"style": "font-size: 16px;left: 32%;top: 5%;border-radius: 30%;"
		,"class": "WHITE"
	}
	,{
		"text": "(気絶した)"
		,"style": "font-size: 16px;left: 64.5%;top: 3.5%;border-radius: 10%;"
		,"class": "WHITE"
	}
	,{
		"text": "ま…<br/>待って！"
		,"style": "font-size: 16px;left: 20%;top: 77%;border-radius: 10%;"
		,"class": "WHITE"
	}
]