[
	{
		"text": "あっ!"
		,"style": "font-size: 16px;left: 7.5%;top: 23.6%;border-radius: 30%;"
		,"class": "WHITE BOLD"
	}
	,{
		"text": "ここが<br/>科学棟…"
		,"style": "font-size: 16px;left: 78%;top: 11%;border-radius: 20%;"
		,"class": "WHITE"
	}
	,{
		"text": "科学は<br/>たわごとだ!"
		,"style": "font-size: 16px;left: 10.7%;top: 45%;border-radius: 20%;"
		,"class": "WHITE"
	}
	,{
		"text": "我らは<br/>実在しないと<br/>教える<br/>だろう!"
		,"style": "font-size: 16px;left: 77%;top: 41%;border-radius: 20%;"
		,"class": "WHITE"
	}
	,{
		"text": "進化は<br/>ただの<br/>屁理屈だ！<br/>重力も！"
		,"style": "font-size: 16px;left: 29%;top: 70%;width: 87px;border-radius: 20%;"
		,"class": "WHITE"
	}
	,{
		"text": "もし世界が<br/>丸ければ、<br/>我らは皆<br/>落ちる！"
		,"style": "font-size: 19px;left: 56.2%;top: 73.5%;border-radius: 20%;"
		,"class": "WHITE"
	}
	,{
		"text": "黙れ！！<br/>科学は<br/>凄いんだ！！"
		,"style": "font-size: 16px;left: 73.5%;top: 68.8%;border-radius: 20%;"
		,"class": "WHITE BOLD"
	}
	,{
		"text": "＊<br/>鍵<br/>の<br/>か<br/>か<br/>っ<br/>て<br/>い<br/>な<br/>い<br/>ド<br/>ア"
		,"style": "font-size: 14px;left: 91.5%;top: 79%;border-radius: 0%;"
		,"class": "WHITE"
	}
]