[
	{
		"text": "僕の調和の<br/>取れた服に<br/>振り向いた"
		,"style": "font-size: 16px;left: 47.5%;top: 28.2%;border-radius: 20%;"
		,"class": "WHITE"
	}
	,{
		"text": "オシャレ<br/>成功だ"
		,"style": "font-size: 16px;left: 58.5%;top: 32.5%;border-radius: 20%;"
		,"class": "WHITE"
	}
	,{
		"text": "どれ…<br/>皆は?　"
		,"style": "font-size: 16px;left: 75%;top: 28.7%;border-radius: 20%;"
		,"class": "WHITE"
	}
	,{
		"text": "ニモ!<br/>やぁ!"
		,"style": "font-size: 28px;left: 19%;top: 74%;border-radius: 20%;"
		,"class": "WHITE BOLD"
	}
]