[
	{
		"text": "春!!!!"
		,"style": "font-size: 30px;left: 78.5%;top: 46%;border-radius: 30%;"
		,"class": "WHITE BOLD"
	}
	,{
		"text": "彼女の<br/>優雅さに<br/>笑顔になり<br/>ますな…"
		,"style": "font-size: 14px;left: 67%;top: 63.7%;border-radius: 30%;"
		,"class": "WHITE"
	}
	,{
		"text": "なんて<br/>暖かい"
		,"style": "font-size: 16px;left: 65.7%;top: 71.2%;border-radius: 30%;"
		,"class": "WHITE"
	}
	,{
		"text": "しかし、<br/>センチネル達は<br/>猛暑の夏の<br/>ようです！"
		,"style": "font-size: 16px;left: 75%;top: 75.3%;border-radius: 30%;"
		,"class": "WHITE"
	}
	,{
		"text": "確かに、<br/>激怒してる<br/>みたい！"
		,"style": "font-size: 16px;left: 78%;top: 87.3%;border-radius: 30%;"
		,"class": "WHITE"
	}
]