[
	{
		"text": "これに<br/>追いつくのは<br/>明らかに至難ですが<br/>参加者はもう一人<br/>います…"
		,"style": "font-size: 14px;left: 19.5%;top: 3%;border-radius: 30%;"
		,"class": "WHITE"
	}
	,{
		"text": "ええ、<br/>輝かしきミス<br/>シルキー"
		,"style": "font-size: 16px;left: 39.2%;top: 8%;border-radius: 30%;"
		,"class": "WHITE"
	}
	,{
		"text": "彼女は“グランド<br/>・ファイナル”を<br/>希望したわ。<br/>今年は男性モデルを<br/>使うはずよ"
		,"style": "font-size: 14px;left: 79%;top: 7.5%;border-radius: 30%;"
		,"class": "WHITE"
	}
	,{
		"text": "それでは舞台に<br/>最後の参加者を<br/>迎えましょう、<br/>ミスター…"
		,"style": "font-size: 16px;left: 78.5%;top: 30%;border-radius: 30%;"
		,"class": "WHITE"
	}
	,{
		"text": "ハァ"
		,"style": "font-size: 16px;left: 83.5%;top: 47.5%;border-radius: 30%;"
		,"class": "WHITE"
	}
]