[
	{
		"text": "ハァ～～～～"
		,"style": "font-size: 20px;left: 75%;top: 10%;border-radius: 30%;"
		,"class": "WHITE BOLD"
	}
	,{
		"text": "こんなの<br/>カズは望んでない<br/>気がする<br/>でも…もう…"
		,"style": "font-size: 15px;left: 5.2%;top: 37.3%;border-radius: 30%;"
		,"class": "WHITE"
	}
	,{
		"text": "どうでも<br/>いいわ"
		,"style": "font-size: 16px;left: 24%;top: 44%;border-radius: 30%;"
		,"class": "WHITE"
	}
	,{
		"text": "それなら<br/>大丈夫だよ"
		,"style": "font-size: 16px;left: 39.3%;top: 38%;border-radius: 30%;"
		,"class": "WHITE"
	}
	,{
		"text": "僕はショーを<br/>楽しめたし。<br/>パンドラは<br/>見違える程だ"
		,"style": "font-size: 16px;left: 59.5%;top: 38.5%;border-radius: 30%;"
		,"class": "WHITE"
	}
	,{
		"text": "彼女の<span style=\"font-weight: bold;\">ドレス</span>は<br/>素敵だった。<br/>話してる間にも<br/>きっと一等賞<br/>取るさ！"
		,"style": "font-size: 14px;left: 75%;top: 38.3%;border-radius: 40%;"
		,"class": "WHITE"
	}
	,{
		"text": "君は受賞とか<br/>気にしないのは<br/>知ってる、でも<br/>僕は君と分かち<br/>合いたいんだ"
		,"style": "font-size: 15px;left: 10.4%;top: 81.8%;border-radius: 30%;"
		,"class": "WHITE"
	}
]