[
	{
		"text": "デビライザーの<br/>象徴的エピソード<br/>完！離婚裁判所<br/>までチャンネル<br/>はそのまま"
		,"style": "font-size: 11px;left: 20.5%;top: 2.5%;border-radius: 20%;"
		,"class": "WHITE"
	}
	,{
		"text": "カチッ"
		,"style": "font-size: 17px;left: 36%;top: 4.2%;transform: rotate(-10deg);border-radius: 0%;"
		,"class": "WHITE BOLD"
	}
	,{
		"text": "…3カップの<br/>イェーグの<br/>血で豊かな<br/>香りを…"
		,"style": "font-size: 13px;left: 42%;top: 2.8%;border-radius: 20%;"
		,"class": "WHITE"
	}
	,{
		"text": "カチッ"
		,"style": "font-size: 17px;left: 55.5%;top: 3.8%;transform: rotate(-10deg);border-radius: 0%;"
		,"class": "WHITE BOLD"
	}
	,{
		"text": "…お電話で<br/>無料サンプル<br/>デスグリップ<br/>教授の<br/>サイキック…"
		,"style": "font-size: 12px;left: 62%;top: 2.7%;border-radius: 20%;"
		,"class": "WHITE"
	}
	,{
		"text": "カチッ"
		,"style": "font-size: 18px;left: 75%;top: 4.1%;transform: rotate(-10deg);border-radius: 0%;"
		,"class": "WHITE BOLD"
	}
	,{
		"text": "血と腸TVの<br/><span style=\"font-weight: bold;\">Dr.エース</span><br/>マラソンに<br/>戻ります！"
		,"style": "font-size: 14px;left: 81.5%;top: 2.7%;border-radius: 20%;"
		,"class": "WHITE"
	}
	,{
		"text": "やれやれ！<br/>悪魔生物質が尽きた!<br/><span style=\"font-weight: bold;\">デススラッグ大家族</span><br/>は1000年の寿命を<br/>生きるために健康で<br/>いるべきだったな、<br/>だが注射に使う<br/>筋肉がクタクタだ!"
		,"style": "font-size: 14px;left: 9.9%;top: 27.6%;border-radius: 30%;"
		,"class": "WHITE"
	}
	,{
		"text": "注射は尽きるかも<br/>しれない、でも<br/>一つだけ決して<br/>尽きないもの<br/>それは…"
		,"style": "font-size: 14px;left: 44%;top: 28.5%;border-radius: 30%;"
		,"class": "WHITE"
	}
	,{
		"text": "そして<br/>私達が誰よりも<br/>愛するのは…"
		,"style": "font-size: 14px;left: 78.5%;top: 41%;border-radius: 30%;"
		,"class": "WHITE"
	}
	,{
		"text": "最愛の子、<br/>カズ！"
		,"style": "font-size: 30px;left: 15%;top: 49.3%;border-radius: 30%;"
		,"class": "WHITE BOLD"
	}
	,{
		"text": "きっと家で<br/>観てる<br/>わよね、<br/>愛しい子!"
		,"style": "font-size: 14px;left: 11%;top: 56.5%;border-radius: 30%;"
		,"class": "WHITE"
	}
	,{
		"text": "番組を観ない<br/>ようにしてる"
		,"style": "font-size: 13px;left: 42%;top: 55.3%;width: 91px;border-radius: 30%;"
		,"class": "WHITE"
	}
	,{
		"text": "世界中を<br/>まわってる<br/>途中で<br/>治療してる<br/>子供達は<br/>あなたじゃ<br/>ないけど…"
		,"style": "font-size: 15px;left: 41.5%;top: 61.5%;width: 85px;border-radius: 20%;"
		,"class": "WHITE"
	}
	,{
		"text": "<span style=\"font-weight: bold;\">ドッキューン!</span><br/>この言葉を確実に<br/><span style=\"font-weight: bold;\">持っていけぇぇ、</span><br/>息子よぉぉぉ!!"
		,"style": "font-size: 16px;left: 75.5%;top: 62.5%;border-radius: 30%;"
		,"class": "WHITE"
	}
	,{
		"text": "ハニー、<br/>そのキャッチ<br/>フレーズに私が<br/>何て言ったと<br/>思う？<br/><span style=\"font-weight: bold;\">ヒドイ</span>"
		,"style": "font-size: 14px;left: 41%;top: 84.6%;border-radius: 40%;"
		,"class": "WHITE"
	}
	,{
		"text": "でも…"
		,"style": "font-size: 16px;left: 54%;top: 89.4%;border-radius: 30%;"
		,"class": "WHITE"
	}
	,{
		"text": "絶対<br/>流行らない"
		,"style": "font-size: 14px;left: 49.5%;top: 93%;border-radius: 30%;"
		,"class": "WHITE"
	}
]