[
	{
		"text": "君はそれを<br/>人に見せるのを<br/>怖がるべき<br/>じゃない"
		,"style": "font-size: 15px;left: 6%;top: 4.5%;border-radius: 20%;"
		,"class": "WHITE"
	}
	,{
		"text": "＊ヒトミビジョン起動　"
		,"style": "font-size: 14px;left: 43%;top: 17.3%;border-radius: 20%;"
		,"class": "WHITE"
	}
	,{
		"text": "君の成功に<br/>必要なのは<br/>君らしくいる<br/>ことだ…"
		,"style": "font-size: 15px;left: 6.5%;top: 21.5%;border-radius: 20%;"
		,"class": "WHITE"
	}
	,{
		"text": "そこにいる<br/>君が最高の<br/>“ヒトミ”さ！"
		,"style": "font-size: 16px;left: 6%;top: 40.5%;border-radius: 20%;"
		,"class": "WHITE"
	}
	,{
		"text": "ハァ"
		,"style": "font-size: 16px;left: 48%;top: 38.5%;border-radius: 20%;"
		,"class": "WHITE"
	}
	,{
		"text": "ハァ"
		,"style": "font-size: 16px;left: 51.2%;top: 42%;border-radius: 20%;"
		,"class": "WHITE"
	}
	,{
		"text": "うあ なんだ!<br/>大丈夫?!"
		,"style": "font-size: 18px;left: 8.5%;top: 59.5%;border-radius: 20%;"
		,"class": "WHITE BOLD"
	}
	,{
		"text": "ああああ！<br/>誰か救急車を<br/>呼んで！"
		,"style": "font-size: 20px;left: 24.5%;top: 59%;border-radius: 20%;"
		,"class": "WHITE BOLD"
	}
	,{
		"text": ""
		,"style": "font-size: 16px;left: 40%;top: 80%;border-radius: 0%;"
		,"class": "WHITE"
	}
	,{
		"text": "進展した<br/>ようだな、<br/>兄弟"
		,"style": "font-size: 14px;left: 41.3%;top: 63%;border-radius: 20%;"
		,"class": "WHITE"
	}
	,{
		"text": "そして今…<br/>ここでの<br/>オレの仕事は<br/>終わったぜ"
		,"style": "font-size: 14px;left: 60%;top: 58.3%;border-radius: 30%;"
		,"class": "WHITE"
	}
	,{
		"text": "ヒトミィィ!!"
		,"style": "font-size: 15px;left: 56.3%;top: 81%;border-radius: 20%;"
		,"class": "WHITE BOLD"
	}
]