[
	{
		"text": "ラビ、十分よ<br/>君の話は誰も<br/>聞きたくない"
		,"style": "font-size: 16px;left: 3.5%;top: 2.5%;border-radius: 20%;"
		,"class": "WHITE"
	}
	,{
		"text": "ただ静かにして<br/>腰を突き出して<br/>なさい、OK？"
		,"style": "font-size: 16px;left: 3%;top: 9%;border-radius: 20%;"
		,"class": "WHITE"
	}
	,{
		"text": "こう？<br/>見てる？<br/><span style=\"font-weight: bold;\">見てる？</span>"
		,"style": "font-size: 16px;left: 34.2%;top: 4%;border-radius: 20%;"
		,"class": "WHITE"
	}
	,{
		"text": "とにかく、<br/>私は君達の<br/>悪臭がうつる<br/>前に行くわ"
		,"style": "font-size: 16px;left: 47%;top: 2.5%;border-radius: 20%;"
		,"class": "WHITE"
	}
	,{
		"text": "おい!"
		,"style": "font-size: 16px;left: 47%;top: 13%;border-radius: 10%;"
		,"class": "WHITE BOLD"
	}
	,{
		"text": "君達の劣等さを<br/>学びたきゃ、<br/>ファッション<br/>ショーで私の<br/>傑作をご覧。<br/><span style=\"font-weight: bold;\">バイバイ！</span>"
		,"style": "font-size: 16px;left: 77%;top: 18%;border-radius: 20%;"
		,"class": "WHITE"
	}
	,{
		"text": "ほ…<br/>本当に<br/>失礼な<br/>奴らだ！"
		,"style": "font-size: 16px;left: 6%;top: 34.3%;border-radius: 20%;"
		,"class": "WHITE"
	}
	,{
		"text": "ああ、オレ達<br/>臭くねぇよ、<br/>オレ達…"
		,"style": "font-size: 14px;left: 31%;top: 33.2%;border-radius: 20%;"
		,"class": "WHITE"
	}
	,{
		"text": "<span style=\"font-weight: bold;\">あぐっ！</span><br/>オレ達<span style=\"font-weight: bold;\">超</span><br/>臭いぞ！"
		,"style": "font-size: 16px;left: 51%;top: 34%;border-radius: 10%;"
		,"class": "WHITE"
	}
	,{
		"text": "何<span style=\"font-weight: bold;\">だよ</span><br/>これ<br/>！？"
		,"style": "font-size: 16px;left: 60%;top: 36%;border-radius: 10%;"
		,"class": "WHITE"
	}
	,{
		"text": "<span style=\"font-weight: bold;\">お前なぁぁあ!</span><br/>パンドラを<br/>作ってから<br/>着替えさせて<br/>ないのかよ!?"
		,"style": "font-size: 16px;left: 7.8%;top: 63.5%;border-radius: 20%;"
		,"class": "WHITE"
	}
	,{
		"text": "簡単だと思う?!<br/>今は生きてる!!<br/>全然勝手が<br/>違うさ!!"
		,"style": "font-size: 17px;left: 40%;top: 63.8%;border-radius: 20%;"
		,"class": "WHITE"
	}
	,{
		"text": "彼女お風呂<br/>に入れるの<br/>怖いし"
		,"style": "font-size: 16px;left: 81.5%;top: 63%;border-radius: 20%;"
		,"class": "WHITE"
	}
	,{
		"text": "乱暴<br/>だからで、<br/>水に溶ける<br/>とかでは…"
		,"style": "font-size: 14px;left: 82.5%;top: 69.5%;border-radius: 20%;"
		,"class": "WHITE"
	}
	,{
		"text": "待って!"
		,"style": "font-size: 16px;left: 82.7%;top: 85.7%;border-radius: 0%;"
		,"class": "WHITE"
	}
]