[
	{
		"text": "やぁ、<br/>カズ！"
		,"style": "font-size: 30px;left: 8.5%;top: 5.5%;border-radius: 20%;"
		,"class": "WHITE BOLD"
	}
	,{
		"text": "あの…<br/>今晩は！"
		,"style": "font-size: 16px;left: 52.5%;top: 8%;border-radius: 20%;"
		,"class": "WHITE"
	}
	,{
		"text": "アハハ<br/>ハハ…"
		,"style": "font-size: 25px;left: 67.6%;top: 5%;border-radius: 20%;"
		,"class": "WHITE BOLD"
	}
	,{
		"text": "会えて<br/>嬉しいよ！<br/>いつ以来だ？"
		,"style": "font-size: 20px;left: 77.6%;top: 6.2%;border-radius: 20%;"
		,"class": "WHITE BOLD"
	}
	,{
		"text": "お…<br/>おひさし<br/>ぶり？"
		,"style": "font-size: 14px;left: 65%;top: 44%;border-radius: 20%;"
		,"class": "WHITE"
	}
	,{
		"text": "人生で一度も<br/>会ったこと<br/>ないよ！"
		,"style": "font-size: 16px;left: 79.5%;top: 44%;border-radius: 10%;"
		,"class": "WHITE BOLD"
	}
	,{
		"text": "パパ、<br/>玄関を<br/>塞がない!"
		,"style": "font-size: 16px;left: 9%;top: 55%;border-radius: 20%;"
		,"class": "WHITE"
	}
	,{
		"text": "ごめんな<br/>さいね…"
		,"style": "font-size: 14px;left: 21%;top: 84.8%;border-radius: 20%;"
		,"class": "WHITE"
	}
	,{
		"text": "上がって<br/>カズ、<br/>パンドラ。<br/>夕食が<br/>できてるわ"
		,"style": "font-size: 14px;left: 82%;top: 58.5%;border-radius: 20%;"
		,"class": "WHITE"
	}
	,{
		"text": "夕食は<br/>何も聞いて<br/>ないな…"
		,"style": "font-size: 14px;left: 85.5%;top: 76.5%;width: 84px;border-radius: 25%;"
		,"class": "WHITE"
	}
]