[
	{
		"text": "でも…<br/>後ろの<br/>破壊の跡は<br/>君の仕業<br/>なんだろ？"
		,"style": "font-size: 16px;left: 11.5%;top: 3%;border-radius: 30%;"
		,"class": "WHITE"
	}
	,{
		"text": "あたしの<br/>醜い面を<br/>見ないで。<br/><span style=\"font-weight: bold;\">こんな</span>ことも<br/>したく<br/>なかった"
		,"style": "font-size: 14px;left: 81.7%;top: 4.3%;border-radius: 40%;"
		,"class": "WHITE"
	}
	,{
		"text": "“醜い面”も<br/>“美しい面”も<br/>ないよ、<br/>全部“君”さ"
		,"style": "font-size: 16px;left: 21.5%;top: 39%;border-radius: 30%;"
		,"class": "WHITE"
	}
	,{
		"text": "もしこれが<br/>君のショーの<br/>やり方なら<br/>それこそ僕が<br/>見たかった<br/>ものだよ"
		,"style": "font-size: 14px;left: 77.4%;top: 38.5%;border-radius: 30%;"
		,"class": "WHITE"
	}
	,{
		"text": "つまり、<br/>僕じゃ多分<br/>沢山の人を<br/>吹っ飛ばせないし、<br/>だけど僕は<br/>ファッションも<br/>全然わから<br/>なくて"
		,"style": "font-size: 14px;left: 11%;top: 62.5%;border-radius: 40%;"
		,"class": "WHITE"
	}
	,{
		"text": "全く<br/>その通りよ"
		,"style": "font-size: 14px;left: 58%;top: 64.5%;border-radius: 30%;"
		,"class": "WHITE"
	}
	,{
		"text": "大切なのは、<br/>これは君にしか<br/>できないこと。<br/>最強の女の子で…"
		,"style": "font-size: 16px;left: 9.4%;top: 80.5%;border-radius: 30%;"
		,"class": "WHITE"
	}
	,{
		"text": "一番可愛い<br/>サイクロプスで…<br/>僕が会った中で<br/>最高に創造的な<br/>ファッション<br/>デザイナーさ！"
		,"style": "font-size: 14px;left: 54.6%;top: 81%;border-radius: 30%;"
		,"class": "WHITE"
	}
]