[
	{
		"text": "放蕩…"
		,"style": "font-size: 35px;left: 27%;top: 22%;border-radius: 20%;"
		,"class": "WHITE BOLD"
	}
	,{
		"text": "破壊…"
		,"style": "font-size: 35px;left: 49.5%;top: 27%;border-radius: 20%;"
		,"class": "WHITE BOLD"
	}
	,{
		"text": "絶望…"
		,"style": "font-size: 35px;left: 58%;top: 34%;border-radius: 20%;"
		,"class": "WHITE BOLD"
	}
	,{
		"text": "強硬な<span style=\"font-weight: bold;\">支配</span>は<br/>生徒達に<br/><span style=\"font-weight: bold;\">無駄な</span>模索を<br/>強います"
		,"style": "font-size: 16px;left: 77.8%;top: 53.3%;border-radius: 20%;"
		,"class": "WHITE"
	}
]