[
	{
		"text": "アレ<br/>教えたの<br/>俺だぜ"
		,"style": "font-size: 15px;left: 20.5%;top: 5%;border-radius: 30%;"
		,"class": "WHITE"
	}
	,{
		"text": "少し背中<br/>押しとこう、<br/>ジェラルド、<br/>試合後に卵1つ<br/>おごるよ"
		,"style": "font-size: 14px;left: 35.5%;top: 5%;border-radius: 30%;"
		,"class": "WHITE"
	}
	,{
		"text": "卵<br/>くれるの<br/>！？"
		,"style": "font-size: 14px;left: 51%;top: 7%;border-radius: 20%;"
		,"class": "WHITE"
	}
	,{
		"text": "もう少し<br/>早くしてよ<br/>…"
		,"style": "font-size: 16px;left: 69%;top: 7%;border-radius: 20%;"
		,"class": "WHITE"
	}
	,{
		"text": "ウォルトン、<br/>１つ助言だ。<br/>人を排除したい<br/>時は、お前が<br/>他の連中を<br/>巻き込めば<br/>いい"
		,"style": "font-size: 14px;left: 6%;top: 30%;border-radius: 30%;"
		,"class": "WHITE"
	}
	,{
		"text": "<span style=\"font-weight: bold;\">俺は、</span><br/>お前が<span style=\"font-weight: bold;\">奴らを</span><br/>ブロックする<br/>助けに<br/>なりたい"
		,"style": "font-size: 15px;left: 15.5%;top: 38.1%;border-radius: 40%;"
		,"class": "WHITE"
	}
	,{
		"text": "おい！<br/>人の話聞いてるか<br/>お前は＊＊＊の<br/><ruby>デク人形<rp>(</rp><rt>マペット</rt><rp>)</rp></ruby>か！"
		,"style": "font-size: 14px;left: 63%;top: 48.5%;border-radius: 30%;"
		,"class": "WHITE BOLD"
	}
	,{
		"text": "おい！<br/>人の話聞いてるか<br/>お前は＊＊＊の<br/><ruby>デク人形<rp>(</rp><rt>マペット</rt><rp>)</rp></ruby>か！"
		,"style": "font-size: 14px;color: black;background-color: #a4a4a4;left: 15.5%;top: 59%;width: 140px;border-radius: 20%;"
		,"class": "BOLD"
	}
	,{
		"text": "お…<br/>お爺ちゃん？"
		,"style": "font-size: 16px;left: 39%;top: 62%;border-radius: 20%;"
		,"class": "WHITE BOLD"
	}
	,{
		"text": "俺は<br/>てめぇの<br/>クソジジイ<br/>じゃねぇ！"
		,"style": "font-size: 16px;left: 60%;top: 62%;border-radius: 20%;"
		,"class": "WHITE BOLD"
	}
	,{
		"text": "とにかく。<br/>お爺ちゃんで<br/>いてよ。<br/>彼に火が付く<br/>みたい"
		,"style": "font-size: 14px;left: 77%;top: 63.5%;border-radius: 30%;"
		,"class": "WHITE"
	}
]