[
	{
		"text": "ごめんよー<br/>！！"
		,"style": "font-size: 14px;left: 32.5%;top: 8%;border-radius: 20%;"
		,"class": "WHITE BOLD"
	}
	,{
		"text": "さらば、<br/>チャーリー、<br/>最も気高い<br/>獣よ"
		,"style": "font-size: 14px;left: 13%;top: 30%;border-radius: 30%;"
		,"class": "WHITE"
	}
	,{
		"text": "<span style=\"font-weight: bold;\">とにかく…</span><br/>オレがここにいる以上<br/>最も価値ある脳を<br/><span style=\"font-weight: bold;\">浪ぉぉ費させるのは<br/>恥ずべきことだな…</span>"
		,"style": "font-size: 14.5px;left: 50%;top: 27.5%;border-radius: 30%;"
		,"class": "WHITE"
	}
	,{
		"text": "あっ、やぁ<br/>ヒトミ。<br/>歯医者の<br/>予約へ行って<br/>どうだった?"
		,"style": "font-size: 16px;left: 47.5%;top: 65.5%;border-radius: 30%;"
		,"class": "WHITE"
	}
	,{
		"text": "チャプター4：完"
		,"style": "font-size: 20px;left: 63.5%;top: 95%;border:solid 1px;border-radius: 0%;"
		,"class": "WHITE BOLD"
	}
]