[
	{
		"text": "炎の壁がオレを<br/>両親から分断した。<br/>炎の指が猛烈に<br/>爪を立てオレの頭に<br/>天上を雨あられと<br/>少しずつ落として<br/>きた。"
		,"style": "font-size: 16px;color: white;background-color: black;left: 12%;top: 7%;border-radius: 20%;"
		,"class": ""
	}
	,{
		"text": "我を失い<br/>怖かった、オレは<br/>泣くだけだった…<br/>だがオレのぼやけた目に<br/>何かが映った、神聖な<br/>衣服を纏う、強力な<br/>エッグスクラムの<br/>戦士だ！"
		,"style": "font-size: 14px;color: white;background-color: black;left: 69.5%;top: 17%;border-radius: 20%;"
		,"class": ""
	}
	,{
		"text": "彼女は叫んだ<br/>“ハット、ハット、<br/>恐れるな、我が子よ！”<br/>そして炎を通り抜けた、<br/>彼女の腕の中に俺を<br/>大切なエッグスクラム<br/>の卵のように抱き<br/>抱えながら"
		,"style": "font-size: 14px;color: white;background-color: black;left: 68.5%;top: 43%;border-radius: 20%;"
		,"class": ""
	}
	,{
		"text": "窓を突き破り<br/>オレを下の通りの<br/>安全な場所まで<br/>運ぶと、彼女は<br/>オレの小さな体を<br/>道端に置いた"
		,"style": "font-size: 16px;color: white;background-color: black;left: 31%;top: 65.4%;border-radius: 20%;"
		,"class": ""
	}
	,{
		"text": "それから、<br/>激しく勝利の<br/>ダンスをした後、<br/>彼女は闇夜に<br/>消えた"
		,"style": "font-size: 16px;color: white;background-color: black;left: 70%;top: 84.5%;border-radius: 20%;"
		,"class": ""
	}
]