[
	{
		"text": "ホーム ライフ"
		,"style": "font-size: 36px;left: 36%;top: 5%;border-radius: 0%;"
		,"class": "WHITE BOLD"
	}
	,{
		"text": "おかえり、<br/>親愛なる子。<br/>君の今日の試験が<br/>上手くいっている<br/>ことを望むよ"
		,"style": "font-size: 14px;left: 27%;top: 34%;border-radius: 20%;"
		,"class": "WHITE"
	}
	,{
		"text": "ええ、<br/>最愛の子、<br/>どうしたのか<br/>教えて"
		,"style": "font-size: 16px;left: 37%;top: 42.5%;border-radius: 30%;"
		,"class": "WHITE"
	}
	,{
		"text": "俺は…"
		,"style": "font-size: 16px;left: 65%;top: 36%;border-radius: 20%;"
		,"class": "WHITE"
	}
	,{
		"text": "俺は<br/>██で<br/>出し抜いて<br/>██で<br/>全部<br/>██ ███！"
		,"style": "font-size: 15px;left: 30%;top: 55.2%;width: 119px;border-radius: 20%;"
		,"class": "WHITE BOLD"
	}
	,{
		"text": "██イェーイ！<br/>それでこそ我が小さな<br/>███！████<br/>チッチキブー██！"
		,"style": "font-size: 15px;left: 29%;top: 75.3%;width: 175px;border-radius: 20%;"
		,"class": "WHITE BOLD"
	}
	,{
		"text": "██な<br/>███ ███の<br/>本物のスゲェ奴だ、<br/>言ったろ！"
		,"style": "font-size: 15px;left: 56%;top: 75.5%;border-radius: 20%;"
		,"class": "WHITE BOLD"
	}
]