[
	{
		"text": "そして今、<br/>栄光の<br/>大はしゃぎ!"
		,"style": "font-size: 20px;left: 56%;top: 44.5%;height: 124px;display: flex;flex-direction: column;align-items: center;justify-content: center;border-radius: 20%;"
		,"class": "WHITE BOLD"
	}
	,{
		"text": "未来へ<br/>の力！"
		,"style": "font-size: 16px;left: 38%;top: 53.5%;border-radius: 20%;"
		,"class": "WHITE"
	}
	,{
		"text": "チャカ チャカ<br/>ワー ワー<br/>フー！"
		,"style": "font-size: 14px;left: 66%;top: 58.5%;border-radius: 20%;"
		,"class": "WHITE"
	}
	,{
		"text": "ヒック!"
		,"style": "font-size: 12px;left: 47%;top: 85.5%;height: 30px;display: flex;flex-direction: column;align-items: center;justify-content: center;border-radius: 20%;"
		,"class": "WHITE"
	}
	,{
		"text": "オレのエッグ<br/>スクラムの<br/>英雄よ<br/>見てます?"
		,"style": "font-size: 16px;left: 83%;top: 70%;border-radius: 20%;"
		,"class": "WHITE"
	}
	,{
		"text": "この<br/>栄光と…<span style=\"font-weight: bold;\">命<br/></span>あなたの<br/>おかげだ"
		,"style": "font-size: 16px;left: 85.5%;top: 79%;border-radius: 20%;"
		,"class": "WHITE"
	}
]