[
	{
		"text": "スペース ライフ"
		,"style": "font-size: 35px;left: 34%;top: 5%;border-radius: 20%;"
		,"class": "WHITE BOLD"
	}
	,{
		"text": "新たな打ち上げ成功<br/>おめでとう。<br/>君達のような２人の<br/>天才ロケット科学者が<br/>チームにいて幸運だ"
		,"style": "font-size: 15px;left: 27%;top: 11.5%;border-radius: 20%;"
		,"class": "WHITE"
	}
	,{
		"text": "あぁ、これが<br/>君達の息子の、<br/>ジェラルド？<br/>もう君達の後を<br/>追っているね"
		,"style": "font-size: 16px;left: 27%;top: 32%;border-radius: 20%;"
		,"class": "WHITE"
	}
	,{
		"text": "※数学チャンピオン"
		,"style": "font-size: 12px;color: black;left: 34%;top: 51.5%;border-radius: 20%;"
		,"class": ""
	}
	,{
		"text": "ハイ"
		,"style": "font-size: 15px;left: 45.6%;top: 37%;border-radius: 20%;"
		,"class": "WHITE"
	}
	,{
		"text": "次回の打ち上げには<br/>ぜひ彼を連れて<br/>来て下さい！<br/>きっと…"
		,"style": "font-size: 15px;left: 52%;top: 53.5%;border-radius: 20%;"
		,"class": "WHITE"
	}
	,{
		"text": "シーッ。<br/>話は<br/>もういい。<br/>卵の時間だ"
		,"style": "font-size: 15px;left: 28.2%;top: 76%;border-radius: 20%;"
		,"class": "WHITE"
	}
]