[
	{
		"text": "ペナンブラ上部の<br/>誕生出産アリーナ<br/>(ヘムロックハートから街を通った所)"
		,"style": "font-size: 12px;left: 13.5%;top: 5.5%;border-radius: 20%;"
		,"class": "WHITE"
	}
	,{
		"text": "よし。<br/>全て順調な<br/>ようだな"
		,"style": "font-size: 16px;left: 50.5%;top: 44%;border-radius: 20%;"
		,"class": "WHITE"
	}
	,{
		"text": "それで<br/>…"
		,"style": "font-size: 16px;left: 80.4%;top: 80.5%;border-radius: 20%;"
		,"class": "WHITE"
	}
	,{
		"text": "その…<br/>どうやって<br/>競技すれば<br/>いいの？"
		,"style": "font-size: 16px;left: 83.5%;top: 85%;border-radius: 20%;"
		,"class": "WHITE"
	}
]