[
	{
		"text": "自室の<br/>虫を怖がって<br/>誰か虫を潰しに<br/>来なきゃ<br/>学校閉鎖するって<br/>言ったり"
		,"style": "font-size: 16px;left: 5%;top: 5%;border-radius: 20%;"
		,"class": "WHITE"
	}
	,{
		"text": "会議に出たくない<br/>からクローゼットに<br/>閉じこもったり、<br/>その後、俺があんたを<br/>連れ出しに来た時、<br/>俺に告げ口したら<br/>退学って言ったよな"
		,"style": "font-size: 14px;left: 21%;top: 6%;border-radius: 20%;"
		,"class": "WHITE"
	}
	,{
		"text": "<span style=\"font-weight: bold;\">あああああああ！</span><br/>ばらしたな！<br/>き…君なんか<br/>退学だ、ニモ！"
		,"style": "font-size: 14px;left: 41%;top: 6.5%;border-radius: 20%;"
		,"class": "WHITE"
	}
	,{
		"text": "あー…<br/>試合の後で"
		,"style": "font-size: 14px;left: 47.5%;top: 13.7%;border-radius: 20%;"
		,"class": "WHITE BOLD"
	}
	,{
		"text": "皆もう知ってんだよ！<br/>放送がONのままだったから、<br/>俺はあんたが泣いてるのも<br/>全部聞こえてたんだよ！<br/>他にどうやってあんたを<br/>クローゼットから出そうって<br/>思いつくんだよ！？"
		,"style": "font-size: 15px;left: 62%;top: 2%;border-radius: 20%;"
		,"class": "WHITE BOLD"
	}
	,{
		"text": "気にすんな。<br/>オレは行くぜ"
		,"style": "font-size: 14px;left: 31.5%;top: 36.5%;border-radius: 20%;"
		,"class": "WHITE"
	}
	,{
		"text": "待てよ…<br/>これドア<br/>じゃない"
		,"style": "font-size: 14px;left: 77%;top: 37.5%;border-radius: 20%;"
		,"class": "WHITE"
	}
	,{
		"text": "うー…<br/>OK…<br/><span style=\"font-weight: bold;\">失礼だな</span>"
		,"style": "font-size: 14px;left: 8.5%;top: 63%;border-radius: 20%;"
		,"class": "WHITE"
	}
	,{
		"text": "僕が<span style=\"font-weight: bold;\">ドア</span>だと?<br/>僕は<span style=\"font-weight: bold;\">障害物</span>さ。<br/>僕は<span style=\"font-weight: bold;\">誰も</span><br/>通さないよ!"
		,"style": "font-size: 15px;left: 44.5%;top: 62%;border-radius: 20%;"
		,"class": "WHITE"
	}
	,{
		"text": "笑わない<br/>でくれ…"
		,"style": "font-size: 14px;left: 79%;top: 74.5%;border-radius: 20%;"
		,"class": "WHITE"
	}
]