[
	{
		"text": "ドレイク、<br/>危ない!!"
		,"style": "font-size: 16px;left: 76%;top: 4.3%;border-radius: 20%;"
		,"class": "WHITE"
	}
	,{
		"text": "さらに得点<br/>ヘムロック<br/>ハート！<br/>そして今、<br/>栄光の大…"
		,"style": "font-size: 19px;left: 76.5%;top: 62%;border-radius: 20%;"
		,"class": "WHITE BOLD"
	}
	,{
		"text": "あら<br/>らら"
		,"style": "font-size: 20px;left: 84.5%;top: 74%;border-radius: 20%;"
		,"class": "WHITE BOLD"
	}
	,{
		"text": "美味しい<br/>卵"
		,"style": "font-size: 16px;left: 55.2%;top: 73%;border-radius: 20%;"
		,"class": "WHITE"
	}
]