[
	{
		"text": "パンドラは<br/>“海の不思議”<br/>受けたく<br/>ないのか？"
		,"style": "font-size: 16px;left: 47%;top: 34%;border-radius: 20%;"
		,"class": "WHITE"
	}
	,{
		"text": "彼女が<br/><span style=\"font-weight: bold;\">何</span>したいのか<br/>わからないよ"
		,"style": "font-size: 16px;left: 73%;top: 45.5%;border-radius: 20%;"
		,"class": "WHITE"
	}
	,{
		"text": "彼女は今<br/>年の割に<br/>超気難しいんだ。<br/>僕を見てさえ<br/>くれないよ"
		,"style": "font-size: 16px;left: 17.1%;top: 59.5%;border-radius: 40%;"
		,"class": "WHITE"
	}
	,{
		"text": "ああ…"
		,"style": "font-size: 16px;left: 82%;top: 63.5%;border-radius: 20%;"
		,"class": "WHITE"
	}
]