[
	{
		"text": "頭上の宝石クラウン<br/>"
		,"style": "font-size: 18px;color: red;background-color: black;left: 35%;top: 4.3%;width: 224px;height: 35px;border-radius: 0%;"
		,"class": ""
	}
	,{
		"text": "被らぬが"
		,"style": "font-size: 18px;color: red;background-color: black;left: 39%;top: 7%;width: 160px;height: 27px;border-radius: 0%;"
		,"class": ""
	}
	,{
		"text": "心にスカーレット・クラウン"
		,"style": "font-size: 18px;color: red;background-color: black;left: 34.5%;top: 12.3%;width: 236px;height: 27px;border-radius: 0%;"
		,"class": ""
	}
	,{
		"text": "力強く鼓動して"
		,"style": "font-size: 18px;color: red;background-color: black;left: 39%;top: 15%;width: 160px;height: 30px;border-radius: 0%;"
		,"class": ""
	}
	,{
		"text": "赤き血が確かに流れるように"
		,"style": "font-size: 18px;color: red;background-color: black;left: 35%;top: 82.5%;border-radius: 0%;"
		,"class": ""
	}
	,{
		"text": "与えし者の贈り物は<br/>真実なり"
		,"style": "font-size: 18px;color: red;background-color: black;left: 38%;top: 84.5%;width: 178px;border-radius: 0%;"
		,"class": ""
	}
	,{
		"text": "だから我らは感謝を示す"
		,"style": "font-size: 18px;color: red;background-color: black;left: 34%;top: 90.4%;width: 225px;height: 30px;border-radius: 0%;"
		,"class": ""
	}
	,{
		"text": "我ら全ての行いで"
		,"style": "font-size: 18px;color: red;background-color: black;left: 39.32%;top: 92.61%;width: 18.74%;height: 3.35%;border-radius: 0%;"
		,"class": ""
	}
]