[
	{
		"text": "マネージャーが<br/>見つけたら<br/>酷く腹を立てる<br/>だろう！"
		,"style": "font-size: 16px;left: 70.5%;top: 6%;border-radius: 0%;"
		,"class": "WHITE"
	}
	,{
		"text": "君達の望みは<br/>証拠を燃やす<br/>ことだ"
		,"style": "font-size: 16px;left: 17%;top: 24%;border-radius: 0%;"
		,"class": "WHITE"
	}
	,{
		"text": "ガスタンク<br/>があれば、<br/>役に立つだろう…"
		,"style": "font-size: 16px;left: 24.3%;top: 31%;border-radius: 0%;"
		,"class": "WHITE"
	}
	,{
		"text": "マイロ…!"
		,"style": "font-size: 20px;left: 70%;top: 81%;border-radius: 0%;"
		,"class": "WHITE BOLD"
	}
]