[
	{
		"text": "僕はただ<br/>“奇跡”が本当に<br/>奇跡的になって<br/>きてるのが<br/>心配だよ"
		,"style": "font-size: 14px;left: 9%;top: 4%;border-radius: 0%;"
		,"class": "WHITE"
	}
	,{
		"text": "歯が抜け落ちた<br/>けど普通の医者<br/>には行けないし…"
		,"style": "font-size: 15px;left: 23%;top: 5.2%;border-radius: 0%;"
		,"class": "WHITE"
	}
	,{
		"text": "フグウウゥゥ！<br/>"
		,"style": "font-size: 16px;left: 28%;top: 12%;border-radius: 0%;"
		,"class": "WHITE BOLD"
	}
	,{
		"text": "ゴホ"
		,"style": "font-size: 16px;left: 48.2%;top: 9.5%;width: 37px;border-radius: 0%;"
		,"class": "WHITE BOLD"
	}
	,{
		"text": "ゴホ"
		,"style": "font-size: 16px;left: 49.4%;top: 11.2%;width: 37px;border-radius: 0%;"
		,"class": "WHITE BOLD"
	}
	,{
		"text": "ハッ!!"
		,"style": "font-size: 30px;left: 9.5%;top: 38%;border-radius: 0%;"
		,"class": "WHITE BOLD"
	}
	,{
		"text": "いいね畜生。<br/>そこら中<br/>血まみれだ…"
		,"style": "font-size: 15px;left: 68.8%;top: 41.5%;border-radius: 0%;"
		,"class": "WHITE"
	}
	,{
		"text": "あぁ、<br/>もちろん気に<br/>しないでいい"
		,"style": "font-size: 12px;left: 78%;top: 46.5%;border-radius: 0%;"
		,"class": "WHITE"
	}
	,{
		"text": "ああ、僕が<br/>ピアノピアーノに<br/>残した物は<br/>持っていけない。<br/>少なくとも<br/>5:30まで"
		,"style": "font-size: 12px;left: 5.5%;top: 55%;border-radius: 0%;"
		,"class": "WHITE"
	}
	,{
		"text": "僕は随分<br/>協力したろ、<br/>だがもし僕を使う<br/>のを止めたら誰も<br/>幸せにならない。<br/>トレモロはいい<br/>だろうが"
		,"style": "font-size: 14px;left: 19%;top: 54%;border-radius: 0%;"
		,"class": "WHITE"
	}
	,{
		"text": "それと、<br/>ニコディモスと<br/>別の予定を<br/>予約してくれ"
		,"style": "font-size: 14px;left: 33.5%;top: 57%;border-radius: 0%;"
		,"class": "WHITE"
	}
	,{
		"text": "彼は僕に<br/>こだわる"
		,"style": "font-size: 16px;left: 62%;top: 68.5%;border-radius: 0%;"
		,"class": "WHITE"
	}
	,{
		"text": "お前も<br/>ふざけんなよ<br/>ストラツィオ<br/>昼寝する"
		,"style": "font-size: 14px;left: 68%;top: 72.5%;border-radius: 0%;"
		,"class": "WHITE"
	}
]