[
	{
		"text": "やばっ！<br/>マイロが<br/>家にいる"
		,"style": "font-size: 16px;left: 83%;top: 25.3%;border-radius: 0%;"
		,"class": "WHITE"
	}
	,{
		"text": "うー…今日は<br/>早退したって<br/>言うべき？"
		,"style": "font-size: 16px;left: 14%;top: 43.3%;border-radius: 0%;"
		,"class": "WHITE"
	}
	,{
		"text": "問題は<br/>そこよね?"
		,"style": "font-size: 16px;left: 22%;top: 50.5%;border-radius: 0%;"
		,"class": "WHITE"
	}
	,{
		"text": "いえ、<br/>仕事は上出来。<br/>少なくとも<br/>あなたの定義<br/>ではね"
		,"style": "font-size: 12px;left: 69.2%;top: 44%;border-radius: 0%;"
		,"class": "WHITE"
	}
	,{
		"text": "上司と<br/>話してる！"
		,"style": "font-size: 18px;left: 17%;top: 80.5%;border-radius: 0%;"
		,"class": "WHITE"
	}
]