[
	{
		"text": "なぁ、<br/>おい"
		,"style": "font-size: 14px;left: 21.5%;top: 23.5%;border-radius: 0%;"
		,"class": "WHITE"
	}
	,{
		"text": "チャンス<br/>だぜ"
		,"style": "font-size: 16px;left: 40.5%;top: 19%;border-radius: 0%;"
		,"class": "WHITE"
	}
	,{
		"text": "彼女に<br/>キスしろ!"
		,"style": "font-size: 14px;left: 41.5%;top: 25%;border-radius: 0%;"
		,"class": "WHITE"
	}
	,{
		"text": "う、うん…"
		,"style": "font-size: 14px;left: 80%;top: 26%;border-radius: 0%;"
		,"class": "WHITE"
	}
	,{
		"text": "わ…<br/>わぁ"
		,"style": "font-size:22px;left: 24%;top: 56%;border-radius: 0%;"
		,"class": "WHITE"
	}
	,{
		"text": "ここで<br/>情熱的なこと<br/>する気？"
		,"style": "font-size: 16px;left: 29%;top: 82%;border-radius: 0%;"
		,"class": "WHITE"
	}
	,{
		"text": "<span style=\"font-weight: bold;\">ニンジャルティメット<br/>ニンジャリミネイ<br/>ション チャレンジ</span><br/>と同じ位情熱的ね"
		,"style": "font-size: 13px;left: 51%;top: 67.5%;border-radius: 0%;"
		,"class": "WHITE"
	}
	,{
		"text": "な…<br/>な…！？"
		,"style": "font-size: 16px;left: 50.5%;top: 77.8%;border-radius: 0%;"
		,"class": "WHITE BOLD"
	}
	,{
		"text": "ア！"
		,"style": "font-size: 16px;left: 82.8%;top: 64.5%;border-radius: 0%;"
		,"class": "WHITE BOLD"
	}
	,{
		"text": "ワ！"
		,"style": "font-size: 16px;left: 89%;top: 84.4%;border-radius: 0%;"
		,"class": "WHITE BOLD"
	}
]