[
	{
		"text": "うわぁぁ<br/>これは<br/>マズい"
		,"style": "font-size: 14px;left: 17%;top: 5%;border-radius: 0%;"
		,"class": "WHITE"
	}
	,{
		"text": "待って、<br/>“普通の医者には<br/>行けない”って<br/><span style=\"font-weight: bold;\">どういう<br/>意味?!!</span>"
		,"style": "font-size: 15px;left: 39%;top: 6%;border-radius: 0%;"
		,"class": "WHITE"
	}
	,{
		"text": "上司の男の名は<br/>ストラツィオ。<br/>ピアノピアーノ<br/>に行けば、<br/>事態が分かる"
		,"style": "font-size: 16px;left: 72%;top: 6%;border-radius: 0%;"
		,"class": "WHITE"
	}
	,{
		"text": "ストラ<br/>ツィオ"
		,"style": "font-size: 16px;left: 64%;top: 6%;border-radius: 0%;"
		,"class": "WHITE"
	}
	,{
		"text": "ヤギーに会う<br/>時間もある"
		,"style": "font-size: 17px;left: 79%;top: 16.3%;border-radius: 0%;"
		,"class": "WHITE"
	}
	,{
		"text": "実際に、もし<br/>マイロが暗殺者か<br/>悪い魔法使いか何かの<br/>集団で働いてたら、<br/>ぼくはヤギーを生きた盾<br/>にして逃げる"
		,"style": "font-size: 15px;left: 13.5%;top: 37%;border-radius: 0%;"
		,"class": "WHITE"
	}
	,{
		"text": "うん"
		,"style": "font-size: 16px;left: 37%;top: 41%;border-radius: 0%;"
		,"class": "WHITE"
	}
	,{
		"text": "グレーテル<br/>ならそうする"
		,"style": "font-size: 16px;left: 44%;top: 39%;border-radius: 0%;"
		,"class": "WHITE"
	}
	,{
		"text": "グレーテルは<br/>誰であろうと<br/>舐めた真似は<br/>許さない"
		,"style": "font-size: 15px;left: 60%;top: 39%;border-radius: 0%;"
		,"class": "WHITE"
	}
	,{
		"text": "彼女は<br/>真相へ立ち向かい<br/>情け容赦しない！"
		,"style": "font-size: 14px;left: 73%;top: 40%;border-radius: 0%;"
		,"class": "WHITE"
	}
	,{
		"text": "ええ、<br/>グレーテルは<br/>クレイジー…"
		,"style": "font-size: 14px;left: 14%;top: 74%;border-radius: 0%;"
		,"class": "WHITE"
	}
	,{
		"text": "…彼女は<br/>自分の<br/>ルールは<br/>自分で決める"
		,"style": "font-size: 14px;left: 77%;top: 86%;border-radius: 0%;"
		,"class": "WHITE"
	}
]