[
	{
		"text": "だ…誰か<br/>入ってる?"
		,"style": "font-size: 16px;left: 12%;top: 5.5%;border-radius: 0%;"
		,"class": "WHITE"
	}
	,{
		"text": "…<br/>出して<br/>…"
		,"style": "font-size: 16px;left: 25%;top: 10%;border-radius: 0%;"
		,"class": "WHITE"
	}
	,{
		"text": "絶対に<br/>幽霊だ"
		,"style": "font-size: 23px;left: 37%;top: 7%;border-radius: 0%;"
		,"class": "WHITE"
	}
	,{
		"text": "すごい自信!<br/>すごいバカ!"
		,"style": "font-size: 18px;left: 60%;top: 8%;border-radius: 0%;"
		,"class": "WHITE"
	}
	,{
		"text": "いや。<br/>君達は<br/><span style=\"font-weight: bold;\">選ばれし者!</span>"
		,"style": "font-size: 17px;left: 37.5%;top: 27.2%;border-radius: 0%;"
		,"class": "WHITE"
	}
	,{
		"text": "ケースを<br/>開けて<br/><span style=\"font-weight: bold;\">運命を<br/>受け入れろ!</span>"
		,"style": "font-size: 16px;left: 78%;top: 27%;border-radius: 0%;"
		,"class": "WHITE"
	}
	,{
		"text": "最高って<br/>約束<br/>するぜ!"
		,"style": "font-size: 16px;left: 88.5%;top: 30.5%;border-radius: 0%;"
		,"class": "WHITE"
	}
	,{
		"text": "わぁ、<br/>ギターだ"
		,"style": "font-size: 16px;left: 14.5%;top: 61.5%;border-radius: 0%;"
		,"class": "WHITE"
	}
	,{
		"text": "格好<br/>良い"
		,"style": "font-size: 16px;left: 23%;top: 64.5%;border-radius: 0%;"
		,"class": "WHITE"
	}
	,{
		"text": "やれやれ、<br/>ありがとう。<br/>バカ共が俺を<br/>売り払おうと<br/>してたんだ"
		,"style": "font-size: 16px;left: 39.5%;top: 50%;border-radius: 0%;"
		,"class": "WHITE"
	}
	,{
		"text": "ここから<br/>俺を連れ<br/>出してくれ。<br/>急いでな!"
		,"style": "font-size: 16px;left: 51%;top: 54%;border-radius: 0%;"
		,"class": "WHITE"
	}
	,{
		"text": "バカ共？<br/>バカ共って何？<br/>ストラツィオ<br/>って奴はいた?"
		,"style": "font-size: 14px;left: 81.5%;top: 43%;border-radius: 0%;"
		,"class": "WHITE"
	}
	,{
		"text": "ん？あぁ。<br/>アイツか。<br/>俺に悪いこと<br/>したがってる<br/>トレモロって奴と<br/>一緒にいる"
		,"style": "font-size: 14px;left: 66%;top: 66%;border-radius: 0%;"
		,"class": "WHITE"
	}
	,{
		"text": "<span style=\"font-weight: bold;\">とにかく、</span><br/>俺はただの<br/>ギター型悪魔で<br/>ギターじゃない<br/>だから俺を売るのは<br/>奴隷売買みたいな<br/>もんだろ？"
		,"style": "font-size: 14px;left: 80%;top: 66%;border-radius: 0%;"
		,"class": "WHITE"
	}
]