[
	{
		"text": "ヤギーはどこ?<br/>君達はお尻が<br/>くっついてると<br/>思ってたけど"
		,"style": "font-size: 15px;left: 23%;top: 5.5%;border-radius: 0%;"
		,"class": "WHITE"
	}
	,{
		"text": "お前はわざと<br/>怒らせてんのか<br/>ナチュラルに<br/>ムカつく奴<br/>なのか？"
		,"style": "font-size: 14px;left: 39.6%;top: 5.5%;border-radius: 0%;"
		,"class": "WHITE"
	}
	,{
		"text": "とにかく、<br/>ヤギーは恋の歌で<br/>プリンセスを<br/>捕えようとしてる"
		,"style": "font-size: 14px;left: 80%;top: 8%;border-radius: 0%;"
		,"class": "WHITE"
	}
	,{
		"text": "オレの出る<br/>幕じゃない"
		,"style": "font-size: 16px;left: 83.5%;top: 16%;border-radius: 0%;"
		,"class": "WHITE"
	}
	,{
		"text": "ロマンチック<br/>ね！"
		,"style": "font-size: 14px;left: 18%;top: 34.5%;border-radius: 0%;"
		,"class": "WHITE"
	}
	,{
		"text": "待って、君は<br/>プリンセス<br/>好きじゃない?"
		,"style": "font-size: 14px;left: 31%;top: 33%;border-radius: 0%;"
		,"class": "WHITE"
	}
	,{
		"text": "プリンスは<br/>好き？"
		,"style": "font-size: 16px;left: 43%;top: 34%;border-radius: 0%;"
		,"class": "WHITE"
	}
	,{
		"text": "ヤギーに君の<br/>プリンスに<br/>なって欲しい？"
		,"style": "font-size: 14px;left: 54%;top: 34%;border-radius: 0%;"
		,"class": "WHITE"
	}
	,{
		"text": "お前はヤギーに<br/><span style=\"font-weight: bold;\">お前の</span>プリンスに<br/>なって欲しいか？"
		,"style": "font-size: 14px;left: 81%;top: 37%;border-radius: 0%;"
		,"class": "WHITE"
	}
	,{
		"text": "え～"
		,"style": "font-size: 16px;left: 30.5%;top: 57%;border-radius: 0%;"
		,"class": "WHITE"
	}
	,{
		"text": "ぼくは<br/>むしろ<br/>プリンスに<br/>なるさ"
		,"style": "font-size: 15px;left: 34%;top: 58%;border-radius: 0%;"
		,"class": "WHITE"
	}
	,{
		"text": "待って。<br/>なんで<br/>笑ってるの?"
		,"style": "font-size: 14px;left: 27%;top: 80%;border-radius: 0%;"
		,"class": "WHITE"
	}
	,{
		"text": "あいつの歌<br/>蹴っ飛ばしたく<br/>なると思うぜ。<br/>聴いてみな"
		,"style": "font-size: 15px;left: 70%;top: 60%;border-radius: 0%;"
		,"class": "WHITE"
	}
]