[
	{
		"text": "ステュクス<br/>キック!!!"
		,"style": "font-size: 33px;left: 13%;top: 9%;transform: rotate(-9deg);border-radius: 0%;"
		,"class": "WHITE BOLD"
	}
	,{
		"text": "ギャアアアア!!<br/>"
		,"style": "font-size: 28px;left: 34%;top: 34.5%;transform: rotate(13deg);border-radius: 0%;"
		,"class": "WHITE BOLD"
	}
	,{
		"text": "はい、<br/>カット!"
		,"style": "font-size: 16px;left: 59%;top: 72%;border-radius: 0%;"
		,"class": "WHITE BOLD"
	}
	,{
		"text": "5分<br/>休憩だ"
		,"style": "font-size: 16px;left: 82.5%;top: 71.5%;border-radius: 0%;"
		,"class": "WHITE"
	}
]