[
	{
		"text": "うっ!"
		,"style": "font-size: 20px;left: 12%;top: 7%;border-radius: 0%;"
		,"class": "WHITE BOLD"
	}
	,{
		"text": "ぐっ"
		,"style": "font-size: 21px;left: 46%;top: 4%;border-radius: 0%;"
		,"class": "WHITE BOLD"
	}
	,{
		"text": "ぜ…"
		,"style": "font-size: 16px;left: 59%;top: 6.5%;border-radius: 0%;"
		,"class": "WHITE"
	}
	,{
		"text": "全部<br/>クレアンス<br/>のせいだ！"
		,"style": "font-size: 16px;left: 66%;top: 5%;border-radius: 0%;"
		,"class": "WHITE"
	}
	,{
		"text": "彼は…オレを<br/>止めるべき<br/>だったのに…"
		,"style": "font-size: 14px;left: 83.5%;top: 5%;border-radius: 0%;"
		,"class": "WHITE"
	}
	,{
		"text": "<span style=\"font-weight: bold;\">助けても</span><br/>くれなかった!"
		,"style": "font-size: 15px;left: 83.5%;top: 10%;border-radius: 0%;"
		,"class": "WHITE"
	}
	,{
		"text": "皆の前にオレを<br/>置き去りに<br/>した"
		,"style": "font-size: 16px;left: 14.5%;top: 36.5%;border-radius: 0%;"
		,"class": "WHITE"
	}
	,{
		"text": "頭から<br/>離れないよ"
		,"style": "font-size: 16px;left: 80%;top: 36%;border-radius: 0%;"
		,"class": "WHITE"
	}
	,{
		"text": "一生ずっと<br/>死ぬまで"
		,"style": "font-size: 16px;left: 80%;top: 42%;border-radius: 0%;"
		,"class": "WHITE"
	}
	,{
		"text": "ニンジャルティ<br/>メット…"
		,"style": "font-size: 23px;left: 65%;top: 53%;border-radius: 50%;"
		,"class": "WHITE BOLD"
	}
	,{
		"text": "もういい<br/>"
		,"style": "font-size: 16px;left: 83.5%;top: 58%;border-radius: 0%;"
		,"class": "WHITE"
	}
	,{
		"text": "子供を<br/>苦しめるために<br/>その力を<br/>与えられたんじゃ<br/>ないだろ"
		,"style": "font-size: 14px;left: 11.5%;top: 67.5%;border-radius: 0%;"
		,"class": "WHITE"
	}
	,{
		"text": "さっさと<br/>ギターを奪って<br/>終わりにしろ、<br/>トレモロ"
		,"style": "font-size: 16px;left: 36%;top: 68%;border-radius: 0%;"
		,"class": "WHITE"
	}
	,{
		"text": "チッ"
		,"style": "font-size: 18px;left: 54.5%;top: 76.7%;border-radius: 0%;"
		,"class": "WHITE BOLD"
	}
	,{
		"text": "ト…<br/>トレモロ？"
		,"style": "font-size: 16px;left: 77%;top: 86%;border-radius: 0%;"
		,"class": "WHITE"
	}
]