[
	{
		"text": "ハートに育つ"
		,"style": "font-size: 14px;left: 74%;top: 5.5%;width: 152px;border-radius: 0%;"
		,"class": "WHITE BOLD"
	}
	,{
		"text": "この花は何だ？"
		,"style": "font-size: 14px;left: 71.7%;top: 7%;width: 164px;border-radius: 0%;"
		,"class": "WHITE BOLD"
	}
	,{
		"text": "血を糧に、<br/>その爪は敵を引き裂く"
		,"style": "font-size: 14px;left: 70%;top: 9.5%;width: 175px;border-radius: 0%;"
		,"class": "WHITE BOLD"
	}
	,{
		"text": "悲しみの色に"
		,"style": "font-size: 14px;left: 10.1%;top: 45.2%;width: 89px;border-radius: 0%;"
		,"class": "WHITE BOLD"
	}
	,{
		"text": "染まり"
		,"style": "font-size: 14px;left: 5.5%;top: 46.5%;width: 139px;border-radius: 0%;"
		,"class": "WHITE BOLD"
	}
	,{
		"text": "無関心(アパシー)な<br/>顔に咲き"
		,"style": "font-size: 14px;left: 13%;top: 48.2%;width: 126px;border-radius: 0%;"
		,"class": "WHITE BOLD"
	}
	,{
		"text": "思いやり(シンパシー)"
		,"style": "font-size: 13px;left: 18%;top: 51.5%;width: 136px;border-radius: 0%;"
		,"class": "WHITE BOLD"
	}
	,{
		"text": "の光で輝く…"
		,"style": "font-size: 13px;left: 18%;top: 53%;width: 156px;border-radius: 0%;"
		,"class": "WHITE BOLD"
	}
	,{
		"text": "その花の名は正義!"
		,"style": "font-size: 20px;left: 34%;top: 68%;width: 263px;border-radius: 0%;"
		,"class": "WHITE BOLD"
	}
	,{
		"text": "ぐぅ!"
		,"style": "font-size: 16px;left: 84.2%;top: 71%;border-radius: 0%;"
		,"class": "WHITE BOLD"
	}
]