[
	{
		"text": "結局、彼は<br/>暴力でも愛でも<br/>世界を<br/>救えなかった"
		,"style": "font-size: 16px;left: 17%;top: 30.5%;border:solid 1px;width: 127px;border-radius: 0%;"
		,"class": "WHITE"
	}
	,{
		"text": "残ったのは<br/>再放送だけだ"
		,"style": "font-size: 20px;left: 72%;top: 38.2%;border:solid 1px;border-radius: 0%;"
		,"class": "WHITE"
	}
	,{
		"text": "悪は何度でも<br/>蘇り続ける…"
		,"style": "font-size: 18px;left: 62%;top: 56%;border:solid 1px;width: 124px;height: 79px;display: flex;flex-direction: column;align-items: center;justify-content: center;border-radius: 0%;"
		,"class": "WHITE"
	}
]