[
	{
		"text": "君は…"
		,"style": "font-size: 14px;left: 15%;top: 28%;width: 54px;height: 39px;border-radius: 0%;"
		,"class": "CENTER WHITE"
	}
	,{
		"text": "君は<br/>僕を呼んだね"
		,"style": "font-size: 14px;left: 33.5%;top: 24%;width: 89px;height: 51px;border-radius: 0%;"
		,"class": "CENTER WHITE"
	}
	,{
		"text": "トラブルに<br/>巻き込まれて<br/>呼んだんだ"
		,"style": "font-size: 14px;left: 77.5%;top: 24.5%;width: 110px;height: 70px;border-radius: 0%;"
		,"class": "CENTER WHITE"
	}
	,{
		"text": "どうして?"
		,"style": "font-size: 14px;left: 23%;top: 39%;width: 65px;height: 44px;border-radius: 0%;"
		,"class": "CENTER WHITE"
	}
	,{
		"text": "君が望んだ<br/>ことだから"
		,"style": "font-size: 14px;left: 41%;top: 40%;width: 129px;height: 51px;border-radius: 0%;"
		,"class": "CENTER WHITE"
	}
	,{
		"text": "例えそれが<br/>バカなことでも<br/>あなたが自分で<br/>決断した"
		,"style": "font-size: 14px;left: 73%;top: 59%;width: 109px;height: 70px;border-radius: 0%;"
		,"class": "CENTER WHITE"
	}
]