[
	{
		"text": "あなたが<br/>アレクサンドラ"
		,"style": "font-size: 12px;left: 4%;top: 8%;width: 88px;height: 39px;border-radius: 0%;"
		,"class": "CENTER WHITE"
	}
	,{
		"text": "アレックス<br/>でいいわ"
		,"style": "font-size: 11px;left: 26%;top: 7.5%;width: 59px;height: 36px;border-radius: 0%;"
		,"class": "CENTER WHITE"
	}
	,{
		"text": "こちらは<br/>どなた？"
		,"style": "font-size: 14px;left: 38.2%;top: 7.4%;width: 76px;height: 41px;border-radius: 0%;"
		,"class": "CENTER WHITE"
	}
	,{
		"text": "やぁ 僕は<br/>ドミニク"
		,"style": "font-size: 14px;left: 51.2%;top: 5.5%;width: 79px;height: 43px;border-radius: 0%;"
		,"class": "CENTER WHITE"
	}
	,{
		"text": "その…レディ<br/>ダークロード<br/>を演じてる?<br/>髭無しじゃ多分<br/>分からないよ"
		,"style": "font-size: 14px;left: 51.4%;top: 11.3%;width: 98px;height: 95px;border-radius: 0%;"
		,"class": "CENTER WHITE"
	}
	,{
		"text": "あぁ!"
		,"style": "font-size: 14px;left: 51.4%;top: 23.5%;width: 65px;height: 33px;border-radius: 0%;"
		,"class": "CENTER WHITE"
	}
	,{
		"text": "面白い衣装で<br/>筋肉の見事な!"
		,"style": "font-size: 14px;left: 50%;top: 27.3%;width: 101px;height: 75px;border-radius: 0%;"
		,"class": "CENTER WHITE"
	}
	,{
		"text": "筋肉の<br/>付け方も<br/><span style=\"font-weight: bold;\">私</span>に教えて<br/>くれる?"
		,"style": "font-size: 14px;left: 4%;top: 40%;width: 70px;height: 67px;border-radius: 0%;"
		,"class": "WHITE"
	}
	,{
		"text": "え…えぇ<br/>一緒に<br/>鍛えます…?"
		,"style": "font-size: 14px;left: 17.5%;top: 39%;width: 82px;height: 58px;border-radius: 0%;"
		,"class": "CENTER WHITE"
	}
	,{
		"text": "ハニーも<br/>一緒に<br/>どう?"
		,"style": "font-size: 14px;left: 30.5%;top: 40.5%;width: 65px;height: 57px;border-radius: 0%;"
		,"class": "CENTER WHITE"
	}
	,{
		"text": "ハハハ!<br/><span style=\"font-weight: bold;\">私に</span>必要な<br/>筋肉は<br/>脳だけさ!"
		,"style": "font-size: 14px;left: 61.5%;top: 39.5%;width: 87px;height: 77px;border-radius: 0%;"
		,"class": "WHITE"
	}
	,{
		"text": "コイツ<br/>本当に<br/>医者か?"
		,"style": "font-size: 14px;left: 82.2%;top: 39.5%;width: 67px;height: 50px;border-radius: 0%;"
		,"class": "CENTER WHITE"
	}
	,{
		"text": "それでエース<br/>また旅に行くって<br/>聞いたけど?"
		,"style": "font-size: 14px;left: 9.8%;top: 63.3%;width: 125px;height: 53px;border-radius: 0%;"
		,"class": "CENTER WHITE"
	}
	,{
		"text": "“旅”?<br/><span style=\"font-weight: bold;\">悟りの航海さ!</span>"
		,"style": "font-size: 18px;left: 39.1%;top: 62.5%;width: 122px;height: 59px;border-radius: 0%;"
		,"class": "CENTER WHITE"
	}
	,{
		"text": "東の大陸を<br/>見に行くの<br/>悪魔達がいたら<br/>ラブラブ薬を<br/>使うわ!"
		,"style": "font-size: 14px;left: 71.5%;top: 64.2%;width: 125px;height: 95px;border-radius: 0%;"
		,"class": "CENTER WHITE"
	}
]