[
	{
		"text": "ウザい"
		,"style": "font-size: 19px;left: 85.5%;top: 7.5%;border-radius: 0%;"
		,"class": "WHITE"
	}
	,{
		"text": "邪魔者め<br/>アタイの<br/>時間を無駄に<br/>するなんて<br/>信じらんない"
		,"style": "font-size: 14px;left: 24%;top: 61.5%;width: 95px;border-radius: 0%;"
		,"class": "WHITE"
	}
	,{
		"text": "君の<br/>無価値な頭は<br/>彼の頭の横に<br/>置いてあげる"
		,"style": "font-size: 16.5px;left: 80.4%;top: 85%;border-radius: 0%;"
		,"class": "WHITE BOLD"
	}
]