[
	{
		"text": "何者?"
		,"style": "font-size: 25px;left: 29%;top: 4.5%;height: 50px; display: flex;flex-direction: column;align-items: center;justify-content: center;border-radius: 0%;"
		,"class": "WHITE BOLD"
	}
	,{
		"text": "オゥフ!"
		,"style": "font-size: 12px;left: 82.8%;top: 18%;border-radius: 0%;"
		,"class": "WHITE BOLD"
	}
	,{
		"text": "君の<br/>友達?"
		,"style": "font-size: 29px;left: 61%;top: 64%;border-radius: 0%;"
		,"class": "WHITE"
	}
	,{
		"text": "先生"
		,"style": "font-size: 28px;left: 13%;top: 82.5%;border-radius: 0%;"
		,"class": "WHITE"
	}
	,{
		"text": "また<br/>エリー<br/>なの？"
		,"style": "font-size: 16px;left: 78.5%;top: 89%;border-radius: 0%;"
		,"class": "WHITE"
	}
]