[
	{
		"text": "カズ・デッカー君"
		,"style": "font-size: 20px;left: 69.5%;top: 2%;width: 192px;height: 32px;border-radius: 0%;"
		,"class": "CENTER WHITE BOLD"
	}
	,{
		"text": "1.研究学習の日!"
		,"style": "font-size: 16px;left: 74%;top: 18.5%;width: 164px;height: 33px;text-align: left;display: flex;flex-direction: column;align-items: left;justify-content: center;border-radius: 0%;"
		,"class": "WHITE BOLD"
	}
	,{
		"text": "2.もしヘムロック<br/>　ハートアカデミーに<br/>　制服があったら?"
		,"style": "font-size: 16px;left: 74%;top: 21.5%;width: 177px;height: 61px;text-align: left;display: flex;flex-direction: column;align-items: left;justify-content: center;border-radius: 0%;"
		,"class": "WHITE BOLD"
	}
	,{
		"text": "3.ファンシーな<br/>　HHAの制服?"
		,"style": "font-size: 16px;left: 75%;top: 27%;width: 166px;height: 44px;text-align: left;display: flex;flex-direction: column;align-items: left;justify-content: center;border-radius: 0%;"
		,"class": "WHITE BOLD"
	}
	,{
		"text": "4.心が痛む<br/>　;_;)"
		,"style": "font-size: 16px;left: 76.5%;top: 31%;width: 160px;height: 51px;text-align: left;display: flex;flex-direction: column;align-items: left;justify-content: center;border-radius: 0%;"
		,"class": "WHITE BOLD"
	}
	,{
		"text": "5.私はピアスをした<br/>　カズを描いています<br/>　でも実際には<br/>　穴は空けていません"
		,"style": "font-size: 16px;left: 75%;top: 74%;width: 163px;height: 118px;text-align: left;display: flex;flex-direction: column;align-items: left;justify-content: center;border-radius: 0%;"
		,"class": "WHITE BOLD"
	}
	,{
		"text": "6.ニモが何か<br/>　困ることを<br/>　言った直後"
		,"style": "font-size: 16px;left: 75%;top: 84%;width: 164px;height: 92px;text-align: left;display: flex;flex-direction: column;align-items: left;justify-content: center;border-radius: 0%;"
		,"class": "WHITE BOLD"
	}
]