[
	{
		"text": "成長パニック"
		,"style": "font-size: 16px;left: 38%;top: 5%;width: 206px;height: 28px;border-radius: 0%;"
		,"class": "CENTER WHITE BOLD"
	}
	,{
		"text": "作:kata @koughdrops"
		,"style": "font-size: 16px;left: 38%;top: 7%;width: 218px;height: 28px;border-radius: 0%;"
		,"class": "CENTER WHITE BOLD"
	}
	,{
		"text": "パンドラの<br/>初めての歩み"
		,"style": "font-size: 10px;left: 28%;top: 85%;width: 65px;height: 34px;border:solid 1px;border-radius: 0%;"
		,"class": "CENTER WHITE"
	}
	,{
		"text": "パンドラの<br/>手足の型"
		,"style": "font-size: 10px;left: 46%;top: 85%;width: 59px;height: 30px;border:solid 1px;border-radius: 0%;"
		,"class": "CENTER WHITE"
	}
	,{
		"text": "パンドラの<br/>乳歯"
		,"style": "font-size: 10px;left: 54%;top: 85.5%;width: 59px;height: 30px;border:solid 1px;border-radius: 0%;"
		,"class": "CENTER WHITE"
	}
	,{
		"text": "パンドラの<br/>初めての服"
		,"style": "font-size: 10px;left: 63%;top: 90%;width: 72px;height: 30px;border:solid 1px;border-radius: 0%;"
		,"class": "CENTER WHITE"
	}
]