[
	{
		"text": "説明を"
		,"style": "font-size: 18px;left: 13%;top: 9%;width: 143px;height: 23px;border-radius: 0%;"
		,"class": "CENTER WHITE BOLD"
	}
	,{
		"text": "してやるぜ"
		,"style": "font-size: 18px;left: 12%;top: 11%;width: 125px;height: 22px;border-radius: 0%;"
		,"class": "CENTER WHITE BOLD"
	}
	,{
		"text": "殺害の"
		,"style": "font-size: 18px;left: 17%;top: 13%;width: 119px;height: 24px;border-radius: 0%;"
		,"class": "CENTER WHITE BOLD"
	}
	,{
		"text": "時間だぜ"
		,"style": "font-size: 18px;left: 15%;top: 15%;width: 106px;height: 25px;border-radius: 0%;"
		,"class": "CENTER WHITE BOLD"
	}
	,{
		"text": "この対決"
		,"style": "font-size: 18px;left: 21%;top: 17.5%;width: 87px;height: 21px;border-radius: 0%;"
		,"class": "CENTER WHITE BOLD"
	}
	,{
		"text": "からは"
		,"style": "font-size: 18px;left: 18.5%;top: 19%;width: 110px;height: 23px;border-radius: 0%;"
		,"class": "CENTER WHITE BOLD"
	}
	,{
		"text": "逃げられない"
		,"style": "font-size: 18px;left: 16%;top: 20.5%;width: 145px;height: 26px;border-radius: 0%;"
		,"class": "CENTER WHITE BOLD"
	}
	,{
		"text": "イェーイ!"
		,"style": "font-size: 20px;left: 18%;top: 22.5%;width: 95px;height: 27px;border-radius: 0%;"
		,"class": "CENTER WHITE BOLD"
	}
	,{
		"text": "テメェの強さを"
		,"style": "font-size: 18px;left: 58%;top: 37%;width: 149px;height: 25px;border-radius: 0%;"
		,"class": "CENTER WHITE BOLD"
	}
	,{
		"text": "テストしてやる"
		,"style": "font-size: 18px;left: 57%;top: 39%;width: 150px;height: 22px;border-radius: 0%;"
		,"class": "CENTER WHITE BOLD"
	}
	,{
		"text": "ニンジャ"
		,"style": "font-size: 18px;left: 66%;top: 42%;width: 88px;height: 22px;border-radius: 0%;"
		,"class": "CENTER WHITE BOLD"
	}
	,{
		"text": "クラウンが"
		,"style": "font-size: 18px;left: 62.5%;top: 43.5%;width: 127px;height: 20px;border-radius: 0%;"
		,"class": "CENTER WHITE BOLD"
	}
	,{
		"text": "テメェの目標"
		,"style": "font-size: 18px;left: 62%;top: 45%;width: 109px;height: 25px;border-radius: 0%;"
		,"class": "CENTER WHITE BOLD"
	}
	,{
		"text": "ためらう"
		,"style": "font-size: 18px;left: 69%;top: 48%;width: 158px;height: 22px;border-radius: 0%;"
		,"class": "CENTER WHITE BOLD"
	}
	,{
		"text": "余地はねぇ"
		,"style": "font-size: 18px;left: 70%;top: 49.5%;width: 141px;height: 23px;border-radius: 0%;"
		,"class": "CENTER WHITE BOLD"
	}
	,{
		"text": "イェーイ!"
		,"style": "font-size: 20px;left: 73%;top: 51.5%;width: 95px;height: 26px;border-radius: 0%;"
		,"class": "CENTER WHITE BOLD"
	}
	,{
		"text": "一体<br/>何事?"
		,"style": "font-size: 14px;left: 35%;top: 45.5%;width: 76px;height: 35px;transform: rotate(-10deg);border-radius: 0%;"
		,"class": "CENTER WHITE BOLD"
	}
	,{
		"text": "イカれ<br/>てる"
		,"style": "font-size: 14px;left: 31%;top: 51%;width: 49px;height: 27px;transform: rotate(-10deg);border-radius: 0%;"
		,"class": "CENTER WHITE BOLD"
	}
	,{
		"text": "わぁぁぁ…"
		,"style": "font-size: 14px;left: 52%;top: 48%;width: 75px;height: 22px;transform: rotate(5deg);border-radius: 0%;"
		,"class": "CENTER WHITE BOLD"
	}
	,{
		"text": "カッコいい!!"
		,"style": "font-size: 12px;left: 55%;top: 50.5%;width: 70px;height: 20px;border-radius: 0%;"
		,"class": "CENTER WHITE BOLD"
	}
	,{
		"text": "ヤギィィィ!"
		,"style": "font-size: 40px;left: 9%;top: 69%;width: 225px;height: 46px;border-radius: 0%;"
		,"class": "CENTER WHITE BOLD"
	}
	,{
		"text": "出てきて<br/>遊ぼうぜぇぇ!"
		,"style": "font-size: 30px;left: 64%;top: 81%;width: 220px;height: 82px;border-radius: 0%;"
		,"class": "CENTER WHITE BOLD"
	}
]