[
	{
		"text": "リケットと僕は<br/>悪魔学者の<br/>家の生まれで、<br/>調査に関係<br/>していた"
		,"style": "font-size: 14px;left: 18%;top: 7%;width: 110px;height: 82px;border-radius: 0%;"
		,"class": "CENTER WHITE"
	}
	,{
		"text": "僕の祖父<br/>Dr.マイナス・<br/>パンターノが率い<br/>スカーレット・<br/>クラウン団体から<br/>莫大な助成金を得た"
		,"style": "font-size: 12px;left: 76.3%;top: 19%;width: 123px;height: 97px;border-radius: 0%;"
		,"class": "CENTER WHITE"
	}
	,{
		"text": "知っての通り、<br/><span>団体は<ruby>与えし者<rp>(</rp><rt>The Giver</rt><rp>)</rp></ruby>に<br/></span>執着してる。<br/>団体の古代史の情熱は<br/>本気で彼が存在した<br/>証拠の発見が目的だ。<br/>デーモンが選ばれし子<br/>だと証明したいんだ"
		,"style": "font-size: 12px;left: 12.5%;top: 49.4%;width: 128px;height: 164px;border-radius: 0%;"
		,"class": "CENTER WHITE"
	}
	,{
		"text": "もちろん、祖父には<br/>重要なことじゃない。<br/>真実が何だろうと<br/>究明したかった、<br/>団体の援助の有無に<br/>関わらずね"
		,"style": "font-size: 12px;left: 56%;top: 65.5%;width: 122px;height: 104px;border-radius: 0%;"
		,"class": "CENTER WHITE"
	}
]