[
	{
		"text": "パンドラちゃん"
		,"style": "font-size: 20px;left: 69.5%;top: 2%;width: 192px;height: 32px;border-radius: 0%;"
		,"class": "CENTER WHITE BOLD"
	}
	,{
		"text": "1.パンドラは<br/>　沢山のものを<br/>　食べるのが<br/>　好きです、<br/>　虫は除く"
		,"style": "font-size: 14px;left: 4%;top: 37%;width: 124px;height: 80px;text-align: left;display: flex;flex-direction: column;align-items: left;justify-content: center;border-radius: 0%;"
		,"class": "WHITE BOLD"
	}
	,{
		"text": "2.ヒトミが<br/>　デザインした"
		,"style": "font-size: 14px;left: 4%;top: 46%;width: 135px;height: 34px;text-align: left;display: flex;flex-direction: column;align-items: left;justify-content: center;border-radius: 0%;"
		,"class": "WHITE BOLD"
	}
	,{
		"text": "3.とても<br/>　気怠い<br/>　日曜の午後"
		,"style": "font-size: 14px;left: 4%;top: 51%;width: 94px;height: 50px;text-align: left;display: flex;flex-direction: column;align-items: left;justify-content: center;border-radius: 0%;"
		,"class": "WHITE BOLD"
	}
	,{
		"text": "4.カズが以前<br/>　着ていた服"
		,"style": "font-size: 14px;left: 4%;top: 57%;width: 171px;height: 40px;text-align: left;display: flex;flex-direction: column;align-items: left;justify-content: center;border-radius: 0%;"
		,"class": "WHITE BOLD"
	}
	,{
		"text": "5.少し<br/>　ケガした"
		,"style": "font-size: 14px;left: 4%;top: 62%;width: 121px;height: 44px;text-align: left;display: flex;flex-direction: column;align-items: left;justify-content: center;border-radius: 0%;"
		,"class": "WHITE BOLD"
	}
]