[
	{
		"text": "ニモォォォォ!"
		,"style": "font-size: 18px;left: 66%;top: 6.5%;width: 119px;height: 45px;border-radius: 50%;"
		,"class": "CENTER WHITE BOLD"
	}
	,{
		"text": "寂し<br/>かった!"
		,"style": "font-size: 18px;left: 77.5%;top: 9.5%;width: 67px;height: 57px;border-radius: 50%;"
		,"class": "CENTER WHITE BOLD"
	}
	,{
		"text": "たった<br/>2日だろ!"
		,"style": "font-size: 16px;left: 80%;top: 29%;width: 87px;height: 71px;border-radius: 50%;"
		,"class": "CENTER WHITE"
	}
	,{
		"text": "病気か<br/>何かか?<br/>何が<br/>あった?"
		,"style": "font-size: 14px;left: 9%;top: 38%;width: 98px;height: 92px;border-radius: 50%;"
		,"class": "CENTER WHITE"
	}
	,{
		"text": "<span>何も<span style=\"font-weight: bold;\">無かった!</span></span>色んな友達が<br/>できたんだよ"
		,"style": "font-size: 14px;left: 42%;top: 37.5%;width: 100px;height: 94px;border-radius: 50%;"
		,"class": "CENTER WHITE"
	}
	,{
		"text": "リケット<br/>…いや…"
		,"style": "font-size: 12px;left: 9%;top: 52.5%;width: 58px;height: 48px;border-radius: 50%;"
		,"class": "CENTER WHITE"
	}
	,{
		"text": "つまり…<br/>グレーテル?"
		,"style": "font-size: 12px;left: 16%;top: 52.5%;width: 81px;height: 52px;border-radius: 50%;"
		,"class": "CENTER WHITE"
	}
	,{
		"text": "グレーテルは<br/>いないぞカズ"
		,"style": "font-size: 12px;left: 14%;top: 58%;width: 77px;height: 33px;border-radius: 10px;"
		,"class": "CENTER WHITE BOLD"
	}
	,{
		"text": "あと…マーク<br/>スティーブン<br/>ソン?"
		,"style": "font-size: 12px;left: 31%;top: 53%;width: 90px;height: 45px;border-radius: 50%;"
		,"class": "CENTER WHITE"
	}
	,{
		"text": "ヤギーと<br/>クレアンス?<br/>多分?"
		,"style": "font-size: 12px;left: 41%;top: 53%;width: 91px;height: 58px;border-radius: 50%;"
		,"class": "CENTER WHITE"
	}
	,{
		"text": "ヤギーと<br/>クレアンス?<br/>多分?"
		,"style": "font-size: 12px;left: 41%;top: 53%;width: 91px;height: 58px;border-radius: 50%;"
		,"class": "CENTER WHITE"
	}
	,{
		"text": "なぁ<br/>相棒…"
		,"style": "font-size: 14px;left: 59%;top: 39.5%;width: 59px;height: 56px;border-radius: 50%;"
		,"class": "CENTER WHITE"
	}
	,{
		"text": "想像の<br/>友達なんて<br/>作らなくて<br/>いいんだぜ"
		,"style": "font-size: 14px;left: 71%;top: 39%;width: 87px;height: 101px;border-radius: 50%;"
		,"class": "CENTER WHITE"
	}
	,{
		"text": "<span style=\"font-weight: bold;\">オレが</span>お前の<br/>友達だ"
		,"style": "font-size: 14px;left: 82%;top: 40%;width: 55px;height: 66px;border-radius: 50%;"
		,"class": "CENTER WHITE"
	}
	,{
		"text": "同情<br/>しないでよ!"
		,"style": "font-size: 14px;left: 14%;top: 72%;width: 85px;height: 54px;border-radius: 50%;"
		,"class": "CENTER WHITE BOLD"
	}
	,{
		"text": "君が<br/>優しい時は<br/>変なんだ!"
		,"style": "font-size: 14px;left: 41%;top: 73%;width: 86px;height: 58px;border-radius: 50%;"
		,"class": "CENTER WHITE"
	}
]