[
	{
		"text": "僕は言われたよ<br/>もし100回仕事したら<br/>祖父の“負債”は完済と。<br/>65回終えたよ…<br/>ほぼ毎回死んだけど"
		,"style": "font-size: 13px;left: 9%;top: 5%;width: 153px;height: 134px;border-radius: 50%;"
		,"class": "CENTER WHITE"
	}
	,{
		"text": "でも彼の<br/>言葉は本当だ、<br/>ニコディモスは<br/>毎回蘇生して<br/>くれる"
		,"style": "font-size: 13px;left: 71.5%;top: 11%;width: 122px;height: 119px;border-radius: 50%;"
		,"class": "CENTER WHITE"
	}
	,{
		"text": "リケットは<br/>どうして？<br/>森とかに住んでて<br/>良かったんじゃ？"
		,"style": "font-size: 12px;left: 60%;top: 27%;width: 102px;height: 108px;border-radius: 50%;"
		,"class": "CENTER WHITE"
	}
	,{
		"text": "1年前から<br/>同居してる…"
		,"style": "font-size: 14px;left: 75%;top: 28.5%;width: 96px;height: 71px;border-radius: 50%;"
		,"class": "CENTER WHITE"
	}
	,{
		"text": "祖父の<br/>死後にね"
		,"style": "font-size: 13px;left: 81%;top: 33.5%;width: 72px;height: 47px;border-radius: 50%;"
		,"class": "CENTER WHITE"
	}
	,{
		"text": "僕は去る時、<br/>都市から来たハイカーが<br/>良い仕事を紹介してくれたと<br/>言ったんだ。<br/>少なくともリケットによれば<br/>祖父は真相を知ってるとか<br/>そういう素振りは無かった"
		,"style": "font-size: 12px;left: 6%;top: 57.4%;width: 183px;height: 114px;border-radius: 0%;"
		,"class": "CENTER WHITE"
	}
	,{
		"text": "すぐにはそうならない<br/>ことを望んだけど、<br/>祖父は孫娘の側で<br/>安らかに亡くなった。<br/>僕の決断は正しかったと思う"
		,"style": "font-size: 12px;left: 51%;top: 58%;width: 165px;height: 88px;border-radius: 0%;"
		,"class": "CENTER WHITE"
	}
]