[
	{
		"text": "パンドラ!"
		,"style": "font-size: 18px;color: black;background-color: transparent;left: 63.44%;top: 41.62%;width: 12.17%;height: 2.35%;border-radius: 0%;transform: rotate(15deg);text-shadow:white 1px 1px 0, white -1px -1px 0,white -1px 1px 0, white 1px -1px 0,white 0px 1px 0, white  0 -1px 0,white -1px 0 0, white 1px 0 0;"
		,"class": "CENTER BOLD"
	}
	,{
		"text": "皆<br/>避難して!"
		,"style": "font-size: 12px;left: 67.08%;top: 83.88%;width: 7.60%;height: 2.24%;border-radius: 0%;transform: rotate(-7deg);"
		,"class": "CENTER WHITE"
	}
]