[
	{
		"text": "蛇は尽きた"
		,"style": "font-size: 16px;left: 55.67%;top: 47.94%;width: 21.84%;height: 2.68%;border-radius: 0%;"
		,"class": "CENTER WHITE BOLD"
	}
	,{
		"text": "お前を倒す"
		,"style": "font-size: 16px;left: 60.20%;top: 50.64%;width: 12.65%;height: 1.93%;height: 2.68%;border-radius: 0%;"
		,"class": "CENTER WHITE BOLD"
	}
	,{
		"text": "頑張りな小僧<br/>俺はショーを"
		,"style": "font-size: 14px;color: white;background-color: black;left: 75.00%;top: 52.23%;width: 18.26%;height: 3.10%;border-radius: 0%;"
		,"class": "CENTER BOLD"
	}
	,{
		"text": "楽しんでる"
		,"style": "font-size: 14px;color: white;background-color: black;left: 79.77%;top: 55.28%;width: 8.59%;height: 1.34%;border-radius: 0%;"
		,"class": "CENTER BOLD"
	}
	,{
		"text": "頭を一つ斬り落とす…"
		,"style": "font-size: 16px;color: white;background-color: black;left: 62.23%;top: 79.73%;width: 23.15%;height: 2.51%;border-radius: 0%;"
		,"class": "CENTER BOLD"
	}
	,{
		"text": "それならば…"
		,"style": "font-size: 16px;color: white;background-color: black;left: 73.69%;top: 82.91%;width: 18.85%;height: 1.68%;border-radius: 0%;"
		,"class": "CENTER BOLD"
	}
]