[
	{
		"text": "ギャ!"
		,"style": "font-size: 25px;left: 38.48%;top: 13.92%;width: 8.83%;height: 5.62%;border-radius: 50%;"
		,"class": "CENTER WHITE BOLD"
	}
	,{
		"text": "ステープル<br/>ガンなら<br/>何でも<br/>直せるわ"
		,"style": "font-size: 14px;left: 77.98%;top: 12.75%;width: 10.50%;height: 5.87%;border-radius: 50%;font-weight: normal;"
		,"class": "CENTER WHITE"
	}
	,{
		"text": "メティア<br/>俺は…"
		,"style": "font-size: 14px;left: 76.43%;top: 51.81%;width: 6.92%;height: 4.69%;border-radius: 50%;font-weight: normal;"
		,"class": "CENTER WHITE"
	}
	,{
		"text": "シーッ<br/>シーッ"
		,"style": "font-size: 14px;left: 49.82%;top: 72.52%;width: 11.34%;height: 3.69%;border-radius: 50%;font-weight: normal;"
		,"class": "CENTER WHITE"
	}
]