[
	{
		"text": "学級<br/>避難だ!"
		,"style": "font-size: 14px;left: 40%;top: 18.7%;width: 71px;height: 49px;border-radius: 30%;"
		,"class": "CENTER WHITE BOLD"
	}
	,{
		"text": "大丈夫さ<br/>ニモ。<br/>普通の<br/>ロックン<br/>ロールさ"
		,"style": "font-size: 13px;left: 86.5%;top: 37.5%;width: 81px;height: 83px;border-radius: 40%;"
		,"class": "CENTER WHITE BOLD"
	}
	,{
		"text": ""
		,"style": "font-size: 14px;left: 9%;top: 55.2%;width: 178px;height: 23px;border-radius: 0%;"
		,"class": "CENTER WHITE BOLD"
	}
	,{
		"text": ""
		,"style": "font-size: 14px;left: 12%;top: 57%;width: 130px;height: 18px;border-radius: 0%;"
		,"class": "CENTER WHITE BOLD"
	}
	,{
		"text": "初めて会った時<br/>オレがお前を<br/>フッ飛ばしたよな"
		,"style": "font-size: 14px;left: 13%;top: 54%;width: 121px;height: 61px;border-radius: 0%;"
		,"class": "CENTER WHITE BOLD"
	}
	,{
		"text": "初めて会った時<br/>オレがお前を<br/>フッ飛ばしたよな"
		,"style": "font-size: 14px;left: 13%;top: 54%;width: 121px;height: 61px;border-radius: 0%;"
		,"class": "CENTER WHITE BOLD"
	}
	,{
		"text": ""
		,"style": "font-size: 14px;left: 13%;top: 59%;width: 184px;height: 25px;border-radius: 0%;"
		,"class": "CENTER WHITE BOLD"
	}
	,{
		"text": ""
		,"style": "font-size: 14px;left: 15%;top: 60%;width: 147px;height: 31px;border-radius: 0%;"
		,"class": "CENTER WHITE BOLD"
	}
	,{
		"text": "オレが泣いて逃げる<br/>とでも思ったか?"
		,"style": "font-size: 14px;left: 13%;top: 59%;width: 160px;height: 44px;border-radius: 0%;"
		,"class": "CENTER WHITE BOLD"
	}
	,{
		"text": "恥は葬った<br/>マジな話…"
		,"style": "font-size: 14px;left: 58%;top: 54.1%;width: 175px;height: 35px;border-radius: 0%;"
		,"class": "CENTER WHITE BOLD"
	}
	,{
		"text": ""
		,"style": "font-size: 14px;left: 61%;top: 59.2%;width: 169px;height: 23px;border-radius: 0%;"
		,"class": "CENTER WHITE BOLD"
	}
	,{
		"text": ""
		,"style": "font-size: 14px;left: 62.5%;top: 61%;width: 151px;height: 21px;border-radius: 0%;"
		,"class": "CENTER WHITE BOLD"
	}
	,{
		"text": "<span>俺の<ruby>反復旋律<rp>(</rp><rt>リフ</rt><rp>)</rp></ruby>は</span>電撃だぜ!"
		,"style": "font-size: 14px;left: 62.5%;top: 59.5%;width: 160px;height: 35px;border-radius: 0%;"
		,"class": "CENTER WHITE BOLD"
	}
]