[
	{
		"text": "再びハロー！<br/>月曜のオマケはこれで最後だといいですが。来週は通常更新に戻る予定です。用事は落着きつつあります。見てくれてありがとう。オマケを楽しんでくれれば幸いです！<br/><br/>今週はマイロとニコディモスの性転換です。（正直ニックに最も恩恵があると思います。）大笑いしてくれてOK　こんな私に付き合って下さりありがとう！金曜の更新をお楽しみに！<br/>--Rem"
		,"style": "font-size: 16px;left: 11.28%;top: 5.32%;width: 35.08%;height: 29.88%;border-radius: 0%;"
		,"class": "CENTER WHITE BOLD"
	}
	,{
		"text": "モイラ"
		,"style": "font-size: 16px;left: 47.43%;top: 51.38%;width: 9.19%;height: 2.59%;border-radius: 0%;"
		,"class": "CENTER WHITE BOLD"
	}
	,{
		"text": "背が低い"
		,"style": "font-size: 16px;left: 62.83%;top: 53.23%;width: 7.88%;height: 1.85%;border-radius: 0%;"
		,"class": "CENTER WHITE BOLD"
	}
	,{
		"text": "背が高い"
		,"style": "font-size: 12px;left: 67.60%;top: 57.31%;width: 7.04%;height: 1.76%;border-radius: 0%;"
		,"class": "CENTER WHITE BOLD"
	}
	,{
		"text": "ニコレット"
		,"style": "font-size: 16px;left: 81.68%;top: 48.05%;width: 13.25%;height: 3.24%;border-radius: 0%;"
		,"class": "CENTER WHITE BOLD"
	}
]