[
	{
		"text": "音楽バトルまであと2日"
		,"style": "font-size: 14px;color: white;background-color: black;left: 13%;top: 4%;width: 207px;height: 27px;border-radius: 0%;"
		,"class": "CENTER"
	}
	,{
		"text": "最高!"
		,"style": "font-size: 20px;left: 30.5%;top: 68%;width: 106px;height: 57px;border-radius: 50%;"
		,"class": "CENTER WHITE"
	}
	,{
		"text": "うー!!"
		,"style": "font-size: 14px;left: 29.8%;top: 67.4%;width: 55px;height: 25px;transform: rotate(-30deg);border-radius: 0%;"
		,"class": "CENTER WHITE BOLD"
	}
	,{
		"text": "で、ヤギー、<br/>2日間ピエロの<br/>格好して<br/>何か分かった?"
		,"style": "font-size: 14px;left: 62%;top: 55.5%;width: 96px;height: 107px;border-radius: 50%;"
		,"class": "CENTER WHITE"
	}
	,{
		"text": "人生とは<br/>苦しみ、<br/>死ぬ覚悟は<br/>できた"
		,"style": "font-size: 14px;left: 63%;top: 73%;width: 83px;height: 87px;border-radius: 50%;"
		,"class": "CENTER WHITE"
	}
]