[
	{
		"text": "ようこそ<br/>ニンジャルティメット<br/>ニンジャリミネイション<br/>チャレンジへ!"
		,"style": "font-size: 18px;left: 25%;top: 3.5%;width: 245px;height: 99px;border-radius: 50%;"
		,"class": "CENTER WHITE BOLD"
	}
	,{
		"text": "俺は司会者、<br/>ニンジャック<br/>ニンジャクソン!"
		,"style": "font-size: 14px;left: 27%;top: 13%;width: 104px;height: 87px;border-radius: 50%;"
		,"class": "CENTER WHITE"
	}
	,{
		"text": "そして私は<br/>サム…"
		,"style": "font-size: 14px;left: 45%;top: 21%;width: 77x;height: 61px;border-radius: 50%;"
		,"class": "CENTER WHITE"
	}
	,{
		"text": "シノビ<br/>サム!"
		,"style": "font-size: 25px;left: 73%;top: 22%;width: 96px;height: 62px;border-radius: 50%;"
		,"class": "CENTER WHITE BOLD"
	}
	,{
		"text": "ジャック<br/>君を生中継で<br/>絞め殺そうと<br/>思うんだが<br/>それで満足<br/>かい?"
		,"style": "font-size: 14px;left: 83%;top: 25%;width: 90px;height: 113px;border-radius: 50%;"
		,"class": "CENTER WHITE"
	}
	,{
		"text": "初視聴の方に<br/>説明すると…<br/>挑戦者が進むのは<span style=\"font-weight: bold;\">忍者地獄コース、</span><span><span style=\"font-weight: bold;\">忍者地獄</span>の火中で作られ</span><span style=\"font-weight: bold;\">地獄へ堕ちたヘル忍者</span>によって現れました!"
		,"style": "font-size: 14px;left: 14.5%;top: 52%;width: 158px;height: 182px;border-radius: 5%;"
		,"class": "CENTER WHITE"
	}
	,{
		"text": "*忍者地獄は本物ではありません。<br/>マネしないで下さい。"
		,"style": "font-size: 16px;left: 17%;top: 76%;width: 291px;height: 53px;border:solid 1px;border-radius: 0%;"
		,"class": "CENTER WHITE BOLD"
	}
	,{
		"text": "ゴールにあるのは<br/>羨望の忍者クラウン、<br/>冠する称号は<span style=\"font-weight: bold;\">ニンジャルティメット!</span>"
		,"style": "font-size: 14px;left: 65%;top: 55%;width: 228px;height: 83px;border-radius: 50%;"
		,"class": "CENTER WHITE"
	}
	,{
		"text": "本日最初の<br/>挑戦者は<br/>地元ギャング<br/>リーダー"
		,"style": "font-size: 14px;left: 61%;top: 81%;width: 95px;height: 100px;border-radius: 50%;"
		,"class": "CENTER WHITE"
	}
	,{
		"text": "待った。<br/>違う<br/>ようです"
		,"style": "font-size: 14px;left: 86%;top: 83%;width: 65px;height: 83px;border-radius: 50%;"
		,"class": "CENTER WHITE"
	}
]