[
	{
		"text": "グレーテルが<br/>ドラム、<br/>オレがベース…<br/>それと…<br/>もう一度説明<br/>頼めるか…<br/>カズ？"
		,"style": "font-size: 14px;left: 9.3%;top: 5%;width: 102px;height: 139px;border-radius: 50%;"
		,"class": "CENTER WHITE"
	}
	,{
		"text": "クールッキ・<br/>カラウィだよ。<br/>ヴァル・バラピ谷の<br/>跳びロック達の<br/>伝統的な楽器さ"
		,"style": "font-size: 13px;left: 35%;top: 4%;width: 118px;height: 132px;border-radius: 50%;"
		,"class": "CENTER WHITE"
	}
	,{
		"text": "家族が長い間<br/>その部族と一緒に<br/>いたんだよ、<br/>僕が子供の頃"
		,"style": "font-size: 13px;left: 36%;top: 15.5%;width: 109px;height: 106px;border-radius: 50%;"
		,"class": "CENTER WHITE"
	}
	,{
		"text": "プゥィィィィ"
		,"style": "font-size: 12px;left: 54%;top: 4.4%;width: 84px;height: 23px;border-radius: 50%;"
		,"class": "CENTER WHITE"
	}
	,{
		"text": "彼らは一日に<br/>何時間も跳ね<br/>続けるんだ、<br/>疲れて止まるまで<br/>僕らは何も<br/>できなかったよ"
		,"style": "font-size: 12px;left: 75.5%;top: 3%;width: 116px;height: 106px;border-radius: 0%;"
		,"class": "CENTER WHITE"
	}
	,{
		"text": "僕の両親は<br/>足をケガした<br/>ロック達を治療してて<br/>僕は高齢や病気で<br/>跳べないロック達と<br/>遊んでたんだ"
		,"style": "font-size: 13px;left: 13%;top: 41%;width: 141px;height: 117px;border-radius: 0%;"
		,"class": "CENTER WHITE"
	}
	,{
		"text": "カズ<br/>９才"
		,"style": "font-size: 13px;left: 50%;top: 42%;width: 45px;height: 35px;border-radius: 20%;"
		,"class": "CENTER WHITE BOLD"
	}
	,{
		"text": "楽器を<br/>練習する時間は<br/>山程あった"
		,"style": "font-size: 13px;left: 78.5%;top: 41.5%;width: 98px;height: 98px;border-radius: 0%;"
		,"class": "CENTER WHITE"
	}
	,{
		"text": "実際、<br/>ロック族以外では<br/>僕が世界で唯一の<br/>クールッキ・<br/>カラウィ演奏者<br/>だろうね"
		,"style": "font-size: 13px;left: 8%;top: 60.5%;width: 129px;height: 102px;border-radius: 50%;"
		,"class": "CENTER WHITE"
	}
	,{
		"text": "どんな<br/>音だ?"
		,"style": "font-size: 14px;left: 45%;top: 63%;width: 72px;height: 76px;border-radius: 50%;"
		,"class": "CENTER WHITE"
	}
	,{
		"text": "ジャンプする<br/>みたいな?<br/>少し泣いてる<br/>ような"
		,"style": "font-size: 14px;left: 9%;top: 77%;width: 95px;height: 87px;border-radius: 50%;"
		,"class": "CENTER WHITE"
	}
	,{
		"text": "ぬぬぬぬ"
		,"style": "font-size: 14px;left: 43%;top: 78%;width: 100px;height: 29px;border-radius: 50%;"
		,"class": "CENTER WHITE"
	}
	,{
		"text": "そうだ!<br/>ニモに話そう!<br/>一緒に演奏した<br/>時の電子録音<br/>持ってるはず"
		,"style": "font-size: 13px;left: 62%;top: 61%;width: 123px;height: 102px;border-radius: 50%;"
		,"class": "CENTER WHITE"
	}
	,{
		"text": "でも本当の事は<br/>言わないで<br/>警察呼んじゃう!"
		,"style": "font-size: 12px;left: 82%;top: 79.5%;width: 100px;height: 83px;border-radius: 50%;"
		,"class": "CENTER WHITE"
	}
]