[
	{
		"text": "うわぁ…<br/>大変ね"
		,"style": "font-size: 14px;left: 18%;top: 3.5%;width: 67px;height: 77px;border-radius: 50%;"
		,"class": "CENTER WHITE"
	}
	,{
		"text": "あぁ、だが<br/>ロックンロール<br/>の何が俺に<br/>分かる?"
		,"style": "font-size: 14px;left: 34%;top: 22%;width: 99px;height: 79px;border-radius: 50%;"
		,"class": "CENTER WHITE"
	}
	,{
		"text": "多分<br/>ジギー博士には<br/>良い考えが<br/>あったんだろ。<br/>ギターに必要<br/>なのは目と口と<br/>脳と…"
		,"style": "font-size: 14px;left: 51%;top: 7%;width: 114px;height: 146px;border-radius: 50%;"
		,"class": "CENTER WHITE"
	}
	,{
		"text": "<span style=\"font-weight: bold;\">…感情</span>だとな"
		,"style": "font-size: 14px;left: 53%;top: 19%;width: 82px;height: 58px;border-radius: 50%;"
		,"class": "CENTER WHITE"
	}
	,{
		"text": "ギターに<br/>感情は無いわ<br/>マーク。<br/>君は悪魔よ"
		,"style": "font-size: 14px;left: 12%;top: 49%;width: 92px;height: 116px;border-radius: 50%;"
		,"class": "CENTER WHITE"
	}
	,{
		"text": "あ…<br/>ありがとう"
		,"style": "font-size: 14px;left: 64%;top: 34.5%;width: 84px;height: 47px;border-radius: 50%;"
		,"class": "CENTER WHITE"
	}
	,{
		"text": "皆<br/>大丈夫?"
		,"style": "font-size: 14px;left: 11%;top: 63%;width: 69px;height: 60px;border-radius: 50%;"
		,"class": "CENTER WHITE"
	}
	,{
		"text": "バンドの練習かと<br/>思ったけど。<span><span style=\"font-weight: bold;\">お通夜</span>みたいな</span>雰囲気よ"
		,"style": "font-size: 14px;left: 22%;top: 84%;width: 133px;height: 128px;border-radius: 50%;"
		,"class": "CENTER WHITE"
	}
	,{
		"text": "ママ、<br/>解くように<br/>言ってよ?"
		,"style": "font-size: 14px;left: 39%;top: 63%;width: 94px;height: 72px;border-radius: 50%;"
		,"class": "CENTER WHITE"
	}
	,{
		"text": "場合によるわ。<br/>どういう状況?"
		,"style": "font-size: 14px;left: 53%;top: 63%;width: 109px;height: 70px;border-radius: 50%;"
		,"class": "CENTER WHITE"
	}
	,{
		"text": "鍛えてあげて<br/>るんですよ…<br/>その…<br/>コンサートで"
		,"style": "font-size: 14px;left: 55%;top: 86%;width: 98px;height: 97px;border-radius: 50%;"
		,"class": "CENTER WHITE"
	}
	,{
		"text": "フリースタイル<br/>ラップバトルで<br/>炎上しそうな位<br/>彼が弱いってこと?"
		,"style": "font-size: 14px;left: 71%;top: 63%;width: 156px;height: 99px;border-radius: 50%;"
		,"class": "CENTER WHITE"
	}
	,{
		"text": "わぁ、<br/>大体合って<br/>ますよ!"
		,"style": "font-size: 14px;left: 80%;top: 84%;width: 98px;height: 103px;border-radius: 50%;"
		,"class": "CENTER WHITE"
	}
]