[
	{
		"text": "この…<br/>ために俺は<br/>作られた<br/>のか?"
		,"style": "font-size: 14px;left: 24.28%;top: 5.38%;width: 9.90%;height: 7.38%;border-radius: 50%;"
		,"class": "CENTER WHITE"
	}
	,{
		"text": "人生の意味は<br/>後で考えろ"
		,"style": "font-size: 14px;left: 74.88%;top: 6.63%;width: 13.84%;height: 4.69%;border-radius: 40%;"
		,"class": "CENTER WHITE"
	}
	,{
		"text": "さぁ、<br/>ノッてくぜ!"
		,"style": "font-size: 16px;left: 43.97%;top: 21.89%;width: 17.18%;height: 4.36%;border-radius: 40%;"
		,"class": "CENTER WHITE"
	}
	,{
		"text": "竜巻のように"
		,"style": "font-size: 16px;left: 69.39%;top: 41.92%;width: 15.27%;height: 2.35%;border-radius: 0%;"
		,"class": "CENTER WHITE BOLD"
	}
	,{
		"text": "テメェの頭を<br/>切り落とす"
		,"style": "font-size: 16px;left: 66.65%;top: 43.85%;width: 18.85%;height: 3.27%;border-radius: 0%;"
		,"class": "CENTER WHITE BOLD"
	}
	,{
		"text": "悪ガキ共は<br/>死ぬしかない"
		,"style": "font-size: 16px;color: white;background-color: black;left: 11.40%;top: 65.02%;width: 25.18%;height: 3.35%;border-radius: 0%;"
		,"class": "CENTER BOLD"
	}
	,{
		"text": "斬る 切る キル<br/>雁首揃えて<br/>さっさと来な"
		,"style": "font-size: 16px;left: 42.90%;top: 89.37%;width: 19.81%;height: 4.27%;border-radius: 0%;"
		,"class": "CENTER WHITE BOLD"
	}
	,{
		"text": "貴様らの傲慢さが<br/>災いを呼ぶ"
		,"style": "font-size: 16px;color: white;background-color: black;left: 70.94%;top: 65.89%;width: 22.55%;height: 3.35%;border-radius: 0%;"
		,"class": "CENTER BOLD"
	}
]