[
	{
		"text": "私はよくフリー<br/>スタイルバトル<br/>を大学時代に<br/>してたわ"
		,"style": "font-size: 14px;left: 11.5%;top: 5.5%;width: 106px;height: 107px;border-radius: 50%;"
		,"class": "CENTER WHITE"
	}
	,{
		"text": "昔、バカな■■が私の<br/>頭上にイス叩きつけたわ<br/>私の歌詞が腑抜けな<br/>彼女には率直すぎてね"
		,"style": "font-size: 14px;left: 54%;top: 5%;width: 166px;height: 104px;border-radius: 50%;"
		,"class": "CENTER WHITE"
	}
	,{
		"text": "笑ったわ<br/>何だろ、<br/>彼女には角が<br/>見えなかったの<br/>かしら?"
		,"style": "font-size: 14px;left: 74%;top: 5%;width: 106px;height: 101px;border-radius: 50%;"
		,"class": "CENTER WHITE"
	}
	,{
		"text": "へぇ～～～～…"
		,"style": "font-size: 25px;left: 8%;top: 35%;width: 184px;height: 49px;border-radius: 50%;"
		,"class": "CENTER WHITE BOLD"
	}
	,{
		"text": "この話は<br/>聞いた<br/>ことある"
		,"style": "font-size: 14px;left: 23.5%;top: 40%;width: 82px;height: 52px;transform: rotate(-20deg);border-radius: 0%;"
		,"class": "CENTER WHITE"
	}
	,{
		"text": "ママ、オレに<br/>恥かかせ<br/>ないで…"
		,"style": "font-size: 12px;left: 37%;top: 35.5%;width: 92px;height: 56px;border-radius: 50%;"
		,"class": "CENTER WHITE"
	}
	,{
		"text": "ええ、私も<br/>君と同じ位残念で<br/>ママが立派なら<br/>恥ずかしいと<br/>思うわ"
		,"style": "font-size: 12px;left: 35.5%;top: 47%;width: 105px;height: 105px;border-radius: 50%;"
		,"class": "CENTER WHITE"
	}
	,{
		"text": "実は…待って…<br/>カブラさん、<br/>ヤギーと練習して<br/>あげれません?"
		,"style": "font-size: 14px;left: 59%;top: 36%;width: 134px;height: 81px;border-radius: 50%;"
		,"class": "CENTER WHITE"
	}
	,{
		"text": "私に自分の<br/>息子を侮辱する<br/>ラップを作って<br/>欲しいの?"
		,"style": "font-size: 14px;left: 77%;top: 54%;width: 106px;height: 106px;border-radius: 50%;"
		,"class": "CENTER WHITE"
	}
	,{
		"text": "いや…<br/>その…"
		,"style": "font-size: 14px;left: 13%;top: 65%;width: 51px;height: 49px;border-radius: 50%;"
		,"class": "CENTER WHITE"
	}
	,{
		"text": "面白そう。<br/>私の相手が<br/>できれば、<br/>誰の相手でも<br/>できるわよ"
		,"style": "font-size: 14px;left: 22%;top: 64%;width: 84px;height: 120px;border-radius: 50%;"
		,"class": "CENTER WHITE"
	}
	,{
		"text": "手伝って、あと<br/>ドラムを教える。<br/>時間が無いわ、<br/>早くした方が<br/>いいわね"
		,"style": "font-size: 14px;left: 51%;top: 65%;width: 129px;height: 123px;border-radius: 50%;"
		,"class": "CENTER WHITE"
	}
]