[
	{
		"text": "俺の創造主は<br/>キチガイの<br/>神経学者で<br/>名前はジギー・<br/>ハムストレッチ。<br/>多分大物か何かだ<br/>派手な研究所<br/>だったからな"
		,"style": "font-size: 12px;left: 11%;top: 7%;width: 113px;height: 156px;border-radius: 0%;"
		,"class": "CENTER WHITE"
	}
	,{
		"text": "それで彼は<br/>ロック好きだ、<br/>だから趣味と<br/>組み合わせて<br/>俺を作った…<br/>他に理由が考え<br/>られるか?"
		,"style": "font-size: 12px;left: 42%;top: 7%;width: 96px;height: 126px;border-radius: 0%;"
		,"class": "CENTER WHITE"
	}
	,{
		"text": "お前らの誕生は知らんが、<br/>俺のそれは、目覚めて<span>すでに<span style=\"font-weight: bold;\">物事を知っていた。</span></span>お前らが氷は冷たい、<br/>火は熱いと知ってるように。<br/>正確には記憶じゃない、<br/>お前らは、それを理解した<br/>瞬間を覚えてないだろ、でも<br/>意識か何かの片隅にあるだろ"
		,"style": "font-size: 12px;left: 64%;top: 5%;width: 166px;height: 151px;border-radius: 0%;"
		,"class": "CENTER WHITE"
	}
	,{
		"text": "そうだな、全構築済みの<br/>神経技術の脳が<br/>生まれたようなもんだ、<br/>知りたがりに答えるならな"
		,"style": "font-size: 12px;left: 65%;top: 32%;width: 150px;height: 80px;border-radius: 0%;"
		,"class": "CENTER WHITE"
	}
	,{
		"text": "それで、ジギー博士は<br/>多くを語ったが<br/>俺には何言ってるか<br/><span>サッパリだ。<span style=\"font-weight: bold;\">そういう</span></span>知識は俺の脳に<br/>プログラム<br/>しなかったらしい"
		,"style": "font-size: 12px;left: 11%;top: 45%;width: 131px;height: 106px;border-radius: 0%;"
		,"class": "CENTER WHITE"
	}
	,{
		"text": "俺が分かったのは<br/>狂ったオッサンが<br/>ロックスターの<br/>夢破れて科学を<br/>やってることだ"
		,"style": "font-size: 12px;left: 82%;top: 50%;width: 102px;height: 104px;border-radius: 0%;"
		,"class": "CENTER WHITE"
	}
	,{
		"text": "奴は俺を<br/>弾こうとしたが<br/>全然上手く<br/>いかなかった"
		,"style": "font-size: 12px;left: 12%;top: 64%;width: 92px;height: 91px;border-radius: 0%;"
		,"class": "CENTER WHITE"
	}
	,{
		"text": "ウーホーホー<br/>イエェェイ、ベイビー!<br/>大騒ぎしようぜ!"
		,"style": "font-size: 16px;left: 37%;top: 62.5%;width: 169px;height: 80px;border-radius: 50%;"
		,"class": "CENTER WHITE BOLD"
	}
	,{
		"text": "あー、俺は<br/>何かする必要ある?<br/>俺達何を…"
		,"style": "font-size: 14px;left: 46%;top: 88%;width: 121px;height: 66px;border-radius: 50%;"
		,"class": "CENTER WHITE"
	}
]