[
	{
		"text": "悪魔達を高校生として描くのは楽しいです…高校時代に彼らは一緒だったように見えるかもしれませんが、同じ高校に通っていたとか、そうではありません…皆年齢が違いあり得ない話です。しかし15才の子達は可愛いですね。楽しんでね～"
		,"style": "font-size: 16px;left: 57.76%;top: 10.08%;width: 33.41%;height: 15.84%;border-radius: 0%;"
		,"class": "CENTER WHITE BOLD"
	}
	,{
		"text": "＜-- トレモロが高校生だったら!<br/><br/>一匹狼の類。<br/>女子は彼を可愛く思いますが、彼氏には不向きです。<br/>よくケンカします"
		,"style": "font-size: 16px;left: 61.46%;top: 33.13%;width: 26.61%;height: 12.99%;text-align: left;display: flex;flex-direction: column;align-items: left;justify-content: center;border-radius: 0%;"
		,"class": "WHITE BOLD"
	}
	,{
		"text": "高校のニコディモス ---＞<br/><br/>大人時と同じく変人です。<br/>君はどう予想してた？"
		,"style": "font-size: 16px;left: 5.49%;top: 85.77%;width: 34.01%;height: 6.37%;text-align: right;display: flex;flex-direction: column;align-items: right;justify-content: center;border-radius: 0%;"
		,"class": "WHITE BOLD"
	}
]