[
	{
		"text": "よかった!"
		,"style": "font-size: 14px;left: 38.19%;top: 55.25%;width: 9.31%;height: 4.19%;border-radius: 50%;"
		,"class": "CENTER WHITE BOLD"
	}
	,{
		"text": "グッジョブ<br/>生徒会。<br/>全員<br/>救出よ"
		,"style": "font-size: 14px;left: 70.76%;top: 51.14%;width: 10.74%;height: 9.22%;border-radius: 50%;font-weight: normal;"
		,"class": "CENTER WHITE"
	}
	,{
		"text": "グレーテルは!?<br/>助けてくれた?"
		,"style": "font-size: 14px;left: 35.32%;top: 70.59%;width: 13.37%;height: 6.71%;border-radius: 50%;font-weight: normal;"
		,"class": "CENTER WHITE"
	}
	,{
		"text": "誰?"
		,"style": "font-size: 14px;left: 68.14%;top: 72.18%;width: 5.85%;height: 3.35%;border-radius: 50%;font-weight: normal;"
		,"class": "CENTER WHITE"
	}
]