[
	{
		"text": "何て素敵な<br/>変身かしら。<br/>雰囲気も<br/>変わるわね"
		,"style": "font-size: 14px;left: 33.35%;top: 21.61%;width: 14.44%;height: 7.38%;border-radius: 50%;"
		,"class": "CENTER WHITE"
	}
	,{
		"text": "蛙の足を<br/>思い出す<br/>わね…"
		,"style": "font-size: 14px;left: 70.11%;top: 5.09%;width: 10.98%;height: 9.22%;border-radius: 50%;"
		,"class": "CENTER WHITE"
	}
	,{
		"text": "大好きよ"
		,"style": "font-size: 14px;left: 81.32%;top: 7.27%;width: 9.43%;height: 7.88%;border-radius: 50%;"
		,"class": "CENTER WHITE"
	}
	,{
		"text": "うん…?"
		,"style": "font-size: 14px;left: 4.47%;top: 49.18%;width: 7.52%;height: 3.44%;border-radius: 50%;"
		,"class": "CENTER WHITE"
	}
	,{
		"text": "カエル<br/>食べるの?"
		,"style": "font-size: 14px;left: 4.71%;top: 52.21%;width: 8.11%;height: 5.11%;border-radius: 50%;"
		,"class": "CENTER WHITE"
	}
	,{
		"text": "可愛い子は<br/>食べない<br/>わよ"
		,"style": "font-size: 12px;left: 35.62%;top: 49.28%;width: 8.23%;height: 6.62%;border-radius: 50%;"
		,"class": "CENTER WHITE"
	}
	,{
		"text": "ハックション!"
		,"style": "font-size: 12px;color: black;background-color: transparent;left: 64.38%;top: 46.43%;width: 10.86%;height: 1.42%;border-radius: 50%;"
		,"class": "CENTER"
	}
	,{
		"text": "雨の中を<br/>歩くのは<br/>少し寒い<br/>かな"
		,"style": "font-size: 14px;left: 48.27%;top: 58.58%;width: 10.02%;height: 7.63%;border-radius: 40%;"
		,"class": "CENTER WHITE"
	}
	,{
		"text": "言うまでも<br/>ないわね"
		,"style": "font-size: 14px;left: 78.46%;top: 59.00%;width: 10.74%;height: 5.53%;border-radius: 40%;"
		,"class": "CENTER WHITE"
	}
	,{
		"text": "まぁ<br/>ちょっとの<br/>辛抱さ"
		,"style": "font-size: 14px;left: 7.58%;top: 68.39%;width: 13.01%;height: 5.87%;border-radius: 40%;"
		,"class": "CENTER WHITE"
	}
	,{
		"text": "パパは<br/>私立探偵だけど<br/>書類には下卑た<br/>内容は無いね。<br/>何枚か見る<br/>必要あったけど、<br/>恥ずかしい事は<br/>書いてないよ"
		,"style": "font-size: 14px;left: 6.50%;top: 74.76%;width: 15.75%;height: 13.24%;border-radius: 40%;"
		,"class": "CENTER WHITE"
	}
	,{
		"text": "私は別に<br/>恥ずかしく<br/>ないわよ"
		,"style": "font-size: 14px;left: 37.41%;top: 69.31%;width: 11.81%;height: 5.03%;border-radius: 40%;"
		,"class": "CENTER WHITE"
	}
	,{
		"text": "言って<br/>おくけど…<br/>今日 私の家で<br/>パーティが<br/>あるの"
		,"style": "font-size: 14px;left: 52.45%;top: 68.47%;width: 11.46%;height: 10.81%;border-radius: 40%;"
		,"class": "CENTER WHITE"
	}
]