[
	{
		"text": "盗んだ物?<br/>私は何も<br/>持ち出して<br/>ないわよ!"
		,"style": "font-size: 14px;left: 11.40%;top: 3.89%;width: 9.67%;height: 8.21%;border-radius: 45%;font-weight: normal;"
		,"class": "CENTER WHITE"
	}
	,{
		"text": "壁から<br/>無くなった<br/>バンダー<br/>スナッチの頭<br/>を被ってるな"
		,"style": "font-size: 13px;left: 23.21%;top: 2.84%;width: 11.46%;height: 9.81%;border-radius: 45%;font-weight: normal;"
		,"class": "CENTER WHITE"
	}
	,{
		"text": "エコーは<br/>ああ言ったが<br/>壁の悪魔達は<br/>実在しない"
		,"style": "font-size: 14px;left: 47.20%;top: 2.09%;width: 12.05%;height: 9.64%;border-radius: 45%;font-weight: normal;"
		,"class": "CENTER WHITE"
	}
	,{
		"text": "だが<br/>本当の謎は<br/>そこじゃ<br/>ない"
		,"style": "font-size: 14px;left: 72.73%;top: 2.92%;width: 9.43%;height: 7.96%;border-radius: 45%;font-weight: normal;"
		,"class": "CENTER WHITE"
	}
	,{
		"text": "問題は<br/><span><span style=\"font-weight: bold;\">何を</span>したか<br/></span>じゃない<br/><span><span style=\"font-weight: bold;\">何故か</span>だ</span>"
		,"style": "font-size: 14px;left: 80.13%;top: 8.79%;width: 11.46%;height: 8.30%;border-radius: 45%;font-weight: normal;"
		,"class": "CENTER WHITE"
	}
	,{
		"text": "エコーは<br/>頭の発見時に<br/>笑ってた。<br/>皆 変装を疑わず<br/>ビビは名を間違えた。<br/>ブランディなんて<br/>いないのに<br/>皆何かの理由で<br/>隠してる"
		,"style": "font-size: 14px;left: 12.47%;top: 34.86%;width: 17.54%;height: 15.42%;border-radius: 45%;font-weight: normal;"
		,"class": "CENTER WHITE"
	}
	,{
		"text": "私は色んな人と<br/>キスしてるの"
		,"style": "font-size: 12px;color: black;background-color: #BFBFBF;left: 37.17%;top: 44.67%;width: 14.32%;height: 2.51%;border-radius: 0%;font-weight: normal;"
		,"class": "CENTER"
	}
	,{
		"text": "ブレンディ"
		,"style": "font-size: 12px;color: black;background-color: #BFBFBF;left: 45.29%;top: 47.10%;width: 8.35%;height: 1.51%;border-radius: 0%;font-weight: normal;"
		,"class": "CENTER"
	}
	,{
		"text": "恐らく<br/>体を奪う<br/>悪魔だろう…<br/>寄生したか<br/>仲間が被害者を<br/>差し出したか"
		,"style": "font-size: 14px;left: 77.15%;top: 35.03%;width: 16.11%;height: 13.16%;border-radius: 45%;font-weight: normal;"
		,"class": "CENTER WHITE"
	}
	,{
		"text": "どっちにしろ、<br/>この謎解きは<br/>リンゴのように<span><span style=\"font-weight: bold;\">オレ</span>をハメる<br/></span>計画のようだな"
		,"style": "font-size: 14px;left: 78.58%;top: 48.02%;width: 14.20%;height: 9.81%;border-radius: 45%;font-weight: normal;"
		,"class": "CENTER WHITE"
	}
	,{
		"text": "で、<br/>質問だ<br/>エコー"
		,"style": "font-size: 14px;left: 68.20%;top: 57.99%;width: 8.83%;height: 6.20%;border-radius: 45%;font-weight: normal;"
		,"class": "CENTER WHITE"
	}
	,{
		"text": "皆は<br/>自己紹介したのに<span><span style=\"font-weight: bold;\">お前</span>は本のジャンル<br/></span>言ってないよな"
		,"style": "font-size: 14px;left: 13.78%;top: 63.95%;width: 15.04%;height: 12.66%;border-radius: 45%;font-weight: normal;"
		,"class": "CENTER WHITE"
	}
	,{
		"text": "ミステリー<br/>小説よ、<br/>もちろん"
		,"style": "font-size: 14px;left: 38.72%;top: 67.38%;width: 11.81%;height: 7.12%;border-radius: 45%;"
		,"class": "CENTER WHITE BOLD"
	}
	,{
		"text": "あー…"
		,"style": "font-size: 14px;left: 85.62%;top: 88.34%;width: 6.21%;height: 4.36%;border-radius: 45%;"
		,"class": "CENTER WHITE BOLD"
	}
]