[
	{
		"text": "この前<br/>「忙しい」って時は<br/>一日中ソファーに<br/>座ってたろ"
		,"style": "font-size: 14px;left: 6.38%;top: 4.85%;width: 15.87%;height: 8.38%;border-radius: 50%;font-weight: normal;"
		,"class": "CENTER WHITE"
	}
	,{
		"text": "上に座って<br/>気付いたよ!"
		,"style": "font-size: 14px;left: 12.59%;top: 13.90%;width: 11.10%;height: 6.20%;border-radius: 50%;font-weight: normal;"
		,"class": "CENTER WHITE"
	}
	,{
		"text": "おっと"
		,"style": "font-size: 14px;left: 76.07%;top: 2.92%;width: 8.59%;height: 3.44%;border-radius: 50%;font-weight: normal;"
		,"class": "CENTER WHITE"
	}
	,{
		"text": "トイレ<br/>じゃなくて<br/>よかったわね"
		,"style": "font-size: 12px;left: 72.49%;top: 13.99%;width: 13.25%;height: 3.69%;border-radius: 10%;font-weight: normal;"
		,"class": "CENTER WHITE"
	}
	,{
		"text": "待てよ<br/>エコーの家?<br/>到着予定は30分前。<br/>なんで誰も<br/>起こさねぇ<br/>んだよ?"
		,"style": "font-size: 13px;left: 6.26%;top: 26.31%;width: 15.51%;height: 11.82%;border-radius: 50%;font-weight: normal;"
		,"class": "CENTER WHITE"
	}
	,{
		"text": "私は<br/>仕事<br/>あるし"
		,"style": "font-size: 14px;left: 41.83%;top: 26.89%;width: 9.67%;height: 7.54%;border-radius: 50%;font-weight: normal;"
		,"class": "CENTER WHITE"
	}
	,{
		"text": "知らない<br/>わよ"
		,"style": "font-size: 14px;left: 84.43%;top: 26.56%;width: 7.40%;height: 5.78%;border-radius: 50%;font-weight: normal;"
		,"class": "CENTER WHITE"
	}
	,{
		"text": "ハァ～"
		,"style": "font-size: 30px;left: 12.71%;top: 48.35%;width: 14.08%;height: 4.19%;border-radius: 50%;"
		,"class": "CENTER WHITE BOLD"
	}
	,{
		"text": "OK簡単<br/>そうだな"
		,"style": "font-size: 14px;left: 30.13%;top: 68.97%;width: 9.43%;height: 7.46%;border-radius: 50%;font-weight: normal;"
		,"class": "CENTER WHITE"
	}
	,{
		"text": "「肉食<br/>動物除く」<br/>…何だ?"
		,"style": "font-size: 14px;left: 45.53%;top: 67.38%;width: 10.86%;height: 5.87%;border-radius: 50%;font-weight: normal;"
		,"class": "CENTER WHITE"
	}
	,{
		"text": "こんにちは"
		,"style": "font-size: 14px;left: 67.24%;top: 70.06%;width: 9.31%;height: 3.94%;border-radius: 50%;font-weight: normal;"
		,"class": "CENTER WHITE"
	}
]