[
	{
		"text": "下らない<br/>二次創作<br/>専門は<br/>どこに?"
		,"style": "font-size: 14px;left: 6.38%;top: 4.77%;width: 11.81%;height: 7.71%;border-radius: 50%;"
		,"class": "CENTER WHITE"
	}
	,{
		"text": "リンゴ<br/>のこと?"
		,"style": "font-size: 13px;left: 29.65%;top: 5.27%;width: 7.88%;height: 4.11%;border-radius: 50%;"
		,"class": "CENTER WHITE"
	}
	,{
		"text": "彼なら<br/>バスルームに<br/>いるよ、<br/>百万年位"
		,"style": "font-size: 13px;left: 28.10%;top: 9.38%;width: 11.81%;height: 7.88%;border-radius: 50%;"
		,"class": "CENTER WHITE"
	}
	,{
		"text": "君の<br/>パパの所に<br/>案内して<br/>くれりゃ<br/>面倒はかけ<br/>ないよ"
		,"style": "font-size: 13px;left: 44.21%;top: 2.50%;width: 11.34%;height: 10.06%;border-radius: 50%;"
		,"class": "CENTER WHITE"
	}
	,{
		"text": "腹立たしい程<br/>事務的ね"
		,"style": "font-size: 13px;left: 57.58%;top: 21.03%;width: 11.46%;height: 6.54%;border-radius: 50%;"
		,"class": "CENTER WHITE"
	}
	,{
		"text": "いいわ<br/>行きましょ"
		,"style": "font-size: 13px;left: 73.09%;top: 7.95%;width: 10.38%;height: 4.78%;border-radius: 50%;"
		,"class": "CENTER WHITE"
	}
	,{
		"text": "でも<br/>タオルが<br/>先ね"
		,"style": "font-size: 13px;left: 71.90%;top: 13.23%;width: 7.76%;height: 4.86%;border-radius: 10%;"
		,"class": "CENTER WHITE"
	}
]