[
	{
		"text": "ねぇママ<br/>ここで何<br/>してるの?"
		,"style": "font-size: 14px;left: 66.41%;top: 2.99%;width: 9.19%;height: 7.71%;border-radius: 50%;font-weight: normal;"
		,"class": "CENTER WHITE"
	}
	,{
		"text": "お昼よ。<br/><span style=\"font-weight: bold;\">アンタは</span>何よ?"
		,"style": "font-size: 14px;left: 78.34%;top: 3.66%;width: 10.98%;height: 8.30%;border-radius: 50%;font-weight: normal;"
		,"class": "CENTER WHITE"
	}
	,{
		"text": "一日中寝てると<br/>お姉ちゃんみたく<br/>落ちこぼれるわよ"
		,"style": "font-size: 14px;left: 11.52%;top: 33.25%;width: 15.51%;height: 8.55%;border-radius: 50%;font-weight: normal;"
		,"class": "CENTER WHITE"
	}
	,{
		"text": "はぁ？"
		,"style": "font-size: 18px;left: 31.68%;top: 39.03%;width: 9.67%;height: 4.69%;border-radius: 50%;font-weight: normal;"
		,"class": "CENTER WHITE"
	}
	,{
		"text": "オレは<br/>落ちこぼれて<br/>ねぇよ。<br/>オレ達は学校が<br/>直るまで休校"
		,"style": "font-size: 14px;left: 47.08%;top: 33.08%;width: 13.25%;height: 10.39%;border-radius: 50%;font-weight: normal;"
		,"class": "CENTER WHITE"
	}
	,{
		"text": "言っとくけど<br/>私は一日中<br/>寝てない"
		,"style": "font-size: 14px;left: 83.00%;top: 35.01%;width: 11.93%;height: 6.54%;border-radius: 50%;font-weight: normal;"
		,"class": "CENTER WHITE"
	}
	,{
		"text": "朝起きて<br/>すぐ化粧<br/>してるし"
		,"style": "font-size: 14px;left: 83.11%;top: 41.04%;width: 12.29%;height: 7.80%;border-radius: 50%;font-weight: normal;"
		,"class": "CENTER WHITE"
	}
	,{
		"text": "変態のガキ<br/>みたいな<br/>露出趣味も<br/>無いの"
		,"style": "font-size: 14px;left: 46.96%;top: 51.69%;width: 12.65%;height: 9.22%;border-radius: 50%;font-weight: normal;"
		,"class": "CENTER WHITE"
	}
	,{
		"text": "地獄へ<br/>落ちろ<br/>ニクシー"
		,"style": "font-size: 11px;left: 74.16%;top: 58.50%;width: 5.37%;height: 4.19%;border-radius: 10%;"
		,"class": "CENTER WHITE BOLD"
	}
	,{
		"text": "はいはい<br/>とにかく"
		,"style": "font-size: 14px;left: 7.94%;top: 67.55%;width: 9.31%;height: 5.28%;border-radius: 50%;font-weight: normal;"
		,"class": "CENTER WHITE"
	}
	,{
		"text": "もう行くわ<br/>コレ<br/>あなたに"
		,"style": "font-size: 14px;left: 16.89%;top: 68.05%;width: 11.22%;height: 6.96%;border-radius: 50%;font-weight: normal;"
		,"class": "CENTER WHITE"
	}
	,{
		"text": "パパは<br/>忙しいから<br/>大切なお客に<br/>渡してって"
		,"style": "font-size: 14px;left: 43.26%;top: 69.73%;width: 15.51%;height: 9.39%;border-radius: 50%;font-weight: normal;"
		,"class": "CENTER WHITE"
	}
]