[
	{
		"text": "アアアアッ!"
		,"style": "font-size: 30px;left: 11.16%;top: 5.67%;width: 19.45%;height: 4.61%;border-radius: 50%;"
		,"class": "CENTER WHITE BOLD"
	}
	,{
		"text": "エコー!"
		,"style": "font-size: 20px;left: 29.89%;top: 10.36%;width: 8.83%;height: 4.11%;border-radius: 50%;"
		,"class": "CENTER WHITE BOLD"
	}
	,{
		"text": "驚かせて<br/>ごめんね"
		,"style": "font-size: 16px;left: 61.40%;top: 12.04%;width: 10.62%;height: 4.86%;border-radius: 50%;"
		,"class": "CENTER WHITE"
	}
	,{
		"text": "あなたの<br/>お母様に会って<br/>入って良いと<br/>伺ったので"
		,"style": "font-size: 14px;left: 79.30%;top: 36.43%;width: 15.75%;height: 8.38%;border-radius: 50%;"
		,"class": "CENTER WHITE"
	}
	,{
		"text": "あなたが<br/>家に来て<br/>私のお父様に<br/>仕事の品を<br/>渡すのよね。<br/>行き違いが<br/>あるかしら?"
		,"style": "font-size: 14px;left: 9.13%;top: 44.98%;width: 16.71%;height: 12.82%;border-radius: 50%;"
		,"class": "CENTER WHITE"
	}
	,{
		"text": "いや"
		,"style": "font-size: 14px;left: 49.46%;top: 48.16%;width: 6.56%;height: 3.27%;border-radius: 50%;"
		,"class": "CENTER WHITE"
	}
	,{
		"text": "2秒前に<br/>それに<br/>気付いたよ<br/>ゴメン"
		,"style": "font-size: 14px;left: 77.15%;top: 54.12%;width: 12.41%;height: 8.55%;border-radius: 50%;"
		,"class": "CENTER WHITE"
	}
	,{
		"text": "歩いて来たの?<br/>今日は大嵐が<br/>来てたと<br/>思うけど"
		,"style": "font-size: 14px;left: 11.04%;top: 69.62%;width: 13.84%;height: 8.55%;border-radius: 50%;"
		,"class": "CENTER WHITE"
	}
	,{
		"text": "遠くないし<br/>傘を買ったの"
		,"style": "font-size: 13px;left: 47.67%;top: 69.04%;width: 10.38%;height: 6.62%;border-radius: 50%;"
		,"class": "CENTER WHITE"
	}
	,{
		"text": "一緒に<br/>行き<br/>ましょ?"
		,"style": "font-size: 13px;left: 53.16%;top: 74.74%;width: 8.23%;height: 5.78%;border-radius: 50%;"
		,"class": "CENTER WHITE"
	}
]