[
	{
		"text": "誕生日おめでとう<br/>エコー!"
		,"style": "font-size: 22px;left: 65.21%;top: 19.77%;width: 26.49%;height: 5.95%;border-radius: 50%;"
		,"class": "CENTER WHITE BOLD"
	}
	,{
		"text": "ありがとう<br/>もう１年<br/>経った?"
		,"style": "font-size: 14px;left: 81.09%;top: 40.98%;width: 10.98%;height: 7.80%;border-radius: 50%;"
		,"class": "CENTER WHITE"
	}
	,{
		"text": "友達を<br/>紹介させて<br/>もらえる?<br/>文芸部の<br/>皆よ"
		,"style": "font-size: 14px;left: 20.82%;top: 53.05%;width: 11.81%;height: 10.14%;border-radius: 50%;"
		,"class": "CENTER WHITE"
	}
	,{
		"text": "SF専門の<br/>ベティ!"
		,"style": "font-size: 14px;left: 47.08%;top: 54.47%;width: 9.07%;height: 7.04%;border-radius: 50%;"
		,"class": "CENTER WHITE BOLD"
	}
	,{
		"text": "恋愛小説<br/>専門のビビ!"
		,"style": "font-size: 14px;left: 32.28%;top: 70.06%;width: 11.69%;height: 8.13%;border-radius: 50%;"
		,"class": "CENTER WHITE BOLD"
	}
	,{
		"text": "強制参加の<br/>ベベ"
		,"style": "font-size: 12px;left: 67.36%;top: 89.01%;width: 9.43%;height: 5.20%;border-radius: 50%;"
		,"class": "CENTER WHITE"
	}
	,{
		"text": "あ～!<br/>ニモだ!<br/>ねぇねぇ!"
		,"style": "font-size: 12px;left: 77.15%;top: 73.25%;width: 7.88%;height: 6.37%;border-radius: 50%;"
		,"class": "CENTER WHITE"
	}
	,{
		"text": "あぁ…"
		,"style": "font-size: 12px;left: 87.89%;top: 87.67%;width: 5.25%;height: 3.44%;border-radius: 50%;"
		,"class": "CENTER WHITE"
	}
]