[
	{
		"text": "燻り狂う!"
		,"style": "font-size: 25px;color: #BFB1CA;background-color: white;left: 54.36%;top: 71.15%;width: 21.72%;height: 3.65%;border-radius: 0%;transform:rotate(-35deg);"
		,"class": "CENTER BOLD"
	}
	,{
		"text": "ハロ～　更新は月曜に投稿します<br/>その間、今週末に私が行くのはテキサス州ヒューストンのComicpalooza<br/>アーティスト アレイ ブース3437です! そこで会えることを願っています!<br/>--REM"
		,"style": "font-size: 16px;color: white;background-color: black;left: 8.17%;top: 89.47%;width: 82.46%;height: 7.89%;border-radius: 0%;"
		,"class": "CENTER"
	}
]