[
	{
		"text": "ブランディ<br/>もう頭を<br/>はずせよ"
		,"style": "font-size: 14px;left: 8.17%;top: 3.76%;width: 10.74%;height: 8.47%;border-radius: 45%;font-weight: normal;"
		,"class": "CENTER WHITE"
	}
	,{
		"text": "今日は<br/>踏んだり<br/>蹴ったり<br/>だよ!"
		,"style": "font-size: 14px;left: 21.18%;top: 4.52%;width: 11.69%;height: 7.88%;border-radius: 45%;font-weight: normal;"
		,"class": "CENTER WHITE"
	}
	,{
		"text": "つまり…"
		,"style": "font-size: 14px;left: 35.26%;top: 55.14%;width: 9.90%;height: 7.80%;border-radius: 45%;font-weight: normal;"
		,"class": "CENTER WHITE"
	}
	,{
		"text": "皆の<br/>狙いはオレ<br/>だったと…"
		,"style": "font-size: 14px;left: 38.84%;top: 69.81%;width: 13.37%;height: 10.23%;border-radius: 45%;font-weight: normal;"
		,"class": "CENTER WHITE"
	}
]