[
	{
		"text": "その後<br/>タタラトゥスは<br/>貿易の中心から<br/>芸術と文化の<br/>中心へ変化"
		,"style": "font-size: 14px;left: 11.58%;top: 3.60%;width: 13.84%;height: 9.81%;border-radius:50%;font-weight: normal;"
		,"class": "CENTER WHITE"
	}
	,{
		"text": "観光名所<br/>としても<br/>人気ですが、<br/>学校としては<br/>調和の象徴<br/>としての価値<br/>を感じます"
		,"style": "font-size: 14px;left: 10.98%;top: 13.15%;width: 15.75%;height: 11.32%;border-radius:50%;font-weight: normal;"
		,"class": "CENTER WHITE"
	}
	,{
		"text": "匿名の多額の<br/>寄付により<br/>修学旅行が<br/>実現しました"
		,"style": "font-size: 14px;left: 54.42%;top: 4.69%;width: 12.53%;height: 10.81%;border-radius:50%;font-weight: normal;"
		,"class": "CENTER WHITE"
	}
	,{
		"text": "どなたに<br/>感謝すべきか<br/>分かりま<br/>せんが…"
		,"style": "font-size: 14px;left: 66.95%;top: 5.94%;width: 12.77%;height: 8.05%;border-radius:50%;font-weight: normal;"
		,"class": "CENTER WHITE"
	}
	,{
		"text": "皆さんの<br/>学習意欲に<br/>感心しますよ、<br/>学校は再建中なのに!"
		,"style": "font-size: 14px;left: 11.58%;top: 33.94%;width: 24.34%;height: 6.79%;border-radius:50%;font-weight: normal;"
		,"class": "CENTER WHITE"
	}
	,{
		"text": "休校中に観光したいだけ<br/>↓↓↓"
		,"style": "font-size: 14px;left: 64.32%;top: 35.70%;width: 28.40%;height: 4.36%;border-radius:0%;border: 1px solid;"
		,"class": "CENTER WHITE BOLD"
	}
	,{
		"text": "多くの伝説に<br/>出てくるけど…<br/>オリハルコンは<br/>神経回路に<br/>使われる…"
		,"style": "font-size: 14px;left: 10.98%;top: 57.91%;width: 13.48%;height: 9.47%;border-radius:50%;font-weight: normal;"
		,"class": "CENTER WHITE"
	}
	,{
		"text": "伝説のサイクロプスが<br/>実際は天才科学者なら<br/>近年の僕らみたいに<br/>生命を創ったのかな?"
		,"style": "font-size: 13px;left: 23.99%;top: 58.25%;width: 18.02%;height: 8.89%;border-radius:50%;font-weight: normal;"
		,"class": "CENTER WHITE"
	}
	,{
		"text": "もしそうなら、<br/>オレ達の祖先が科学の計…<br/><span>いや科学の<span style=\"font-weight: bold;\">友達</span>を<br/></span>創ったのかもな。<br/>パンドラの他にも<br/>いるだろうな"
		,"style": "font-size: 13px;left: 44.39%;top: 58.00%;width: 21.96%;height: 9.14%;border-radius:50%;font-weight: normal;"
		,"class": "CENTER WHITE"
	}
	,{
		"text": "デーモンにも<br/>当てはまるの?<br/>ヘムロック先生?"
		,"style": "font-size: 12px;left: 69.21%;top: 57.91%;width: 11.69%;height: 5.62%;border-radius:40%;font-weight: normal;"
		,"class": "CENTER WHITE"
	}
	,{
		"text": "ぼくらは最近まで<br/>タタラトゥスに<br/>入れなかった<br/>よね?"
		,"style": "font-size: 12px;left: 69.09%;top: 63.28%;width: 12.53%;height: 6.87%;border-radius:40%;font-weight: normal;"
		,"class": "CENTER WHITE"
	}
	,{
		"text": "それは<br/>少し複雑<br/>なんですよ"
		,"style": "font-size: 12px;left: 82.10%;top: 59.17%;width: 9.79%;height: 5.95%;border-radius:40%;font-weight: normal;"
		,"class": "CENTER WHITE"
	}
]