[
	{
		"text": "調理<br/>器具だ"
		,"style": "font-size: 16px;left: 12.23%;top: 6.94%;width: 8.95%;height: 6.29%;border-radius:40%;font-weight: normal;"
		,"class": "CENTER WHITE"
	}
	,{
		"text": "ドン・チョンマゲ<br/>タタラトゥスに住む<br/>世界一有名な<br/>吸血鬼シェフ。<br/>彼と同じ調理法さ"
		,"style": "font-size: 13px;left: 28.46%;top: 3.26%;width: 15.75%;height: 9.97%;border-radius:40%;font-weight: normal;"
		,"class": "CENTER WHITE"
	}
	,{
		"text": "言い換えると、<br/>吸血鬼が消化しやすい<br/>素材を使いつつも<br/>他種族の悪魔にも<br/>美味い料理を作る"
		,"style": "font-size: 13px;left: 70.58%;top: 4.93%;width: 19.09%;height: 10.31%;border-radius:40%;font-weight: normal;"
		,"class": "CENTER WHITE"
	}
	,{
		"text": "いつか弟子に<br/>なりたいから<br/>２，３教えを<br/>請えるといいな"
		,"style": "font-size: 15px;left: 9.96%;top: 36.53%;width: 16.83%;height: 8.30%;border-radius:40%;font-weight: normal;"
		,"class": "CENTER WHITE"
	}
	,{
		"text": "料理のことには<br/>うるさいんだよ。<br/>黙らないなら<br/>お前らみたいな<br/>オタクになれよ"
		,"style": "font-size: 13px;left: 42.18%;top: 35.44%;width: 15.04%;height: 11.32%;border-radius:40%;font-weight: normal;"
		,"class": "CENTER WHITE"
	}
	,{
		"text": "ぼくは<br/>君達みたいな<br/>イケメンの<br/>仲間入りって<br/>こと?"
		,"style": "font-size: 13px;left: 59.61%;top: 36.78%;width: 13.84%;height: 8.97%;border-radius:40%;font-weight: normal;"
		,"class": "CENTER WHITE"
	}
	,{
		"text": "それと…<span style=\"font-weight: bold;\">ヨッと!</span>"
		,"style": "font-size: 14px;left: 73.81%;top: 39.38%;width: 9.43%;height: 4.11%;border-radius:50%;font-weight: normal;"
		,"class": "CENTER WHITE"
	}
	,{
		"text": "ニモの鞄の<br/>奥深くに<br/>隠された<br/>性癖は何かな!"
		,"style": "font-size: 15px;left: 9.96%;top: 66.12%;width: 17.54%;height: 7.80%;border-radius:40%;font-weight: normal;"
		,"class": "CENTER WHITE"
	}
	,{
		"text": "ニャんじゃこりゃ!<br/>生首!"
		,"style": "font-size: 25px;left: 30.97%;top: 65.70%;width: 25.66%;height: 7.80%;border-radius:40%;"
		,"class": "CENTER WHITE BOLD"
	}
]