[
	{
		"text": "<span><span style=\"font-weight: bold;\">普通</span>の食物を</span><span><span style=\"font-weight: bold;\">友達</span>と食べれる!</span>"
		,"style": "font-size: 13px;left: 7.94%;top: 3.64%;width: 12.77%;height: 7.04%;border-radius:40%;font-weight: normal;"
		,"class": "CENTER WHITE"
	}
	,{
		"text": "マイロが<br/>死にかけて<br/>困ることも<br/>ない!"
		,"style": "font-size: 14px;left: 8.17%;top: 10.68%;width: 12.89%;height: 7.46%;border-radius:40%;font-weight: normal;"
		,"class": "CENTER WHITE"
	}
	,{
		"text": "夜も<br/>眠れる!"
		,"style": "font-size: 14px;left: 8.53%;top: 17.89%;width: 11.93%;height: 7.63%;border-radius:40%;font-weight: normal;"
		,"class": "CENTER WHITE"
	}
	,{
		"text": "世界を見れば<br/>リケットの<br/>人生バラ色さ!"
		,"style": "font-size: 14px;left: 28.94%;top: 4.48%;width: 12.05%;height: 9.56%;border-radius:40%;font-weight: normal;"
		,"class": "CENTER WHITE"
	}
	,{
		"text": "グスン"
		,"style": "font-size: 14px;left: 81.44%;top: 10.26%;width: 5.25%;height: 3.02%;border-radius:40%;"
		,"class": "CENTER WHITE BOLD"
	}
	,{
		"text": "お…<br/>おかしいな。<br/>列車内に雨が<br/>降ってるみたい"
		,"style": "font-size: 14px;left: 9.13%;top: 33.31%;width: 16.23%;height: 10.14%;border-radius:40%;font-weight: normal;"
		,"class": "CENTER WHITE"
	}
	,{
		"text": "待てよ…<br/>本当に雨!?"
		,"style": "font-size: 14px;left: 79.30%;top: 49.83%;width: 12.17%;height: 6.71%;border-radius:40%;font-weight: normal;"
		,"class": "CENTER WHITE"
	}
]