[
	{
		"text": "大丈夫?<br/>泣いてた<br/>ようだけど"
		,"style": "font-size: 14px;left: 11.16%;top: 5.99%;width: 12.41%;height: 7.04%;border-radius:40%;font-weight: normal;"
		,"class": "CENTER WHITE"
	}
	,{
		"text": "あなたは<br/>大変な目にあったと<br/>カズから聞いたわ。<br/>相談に乗るし<br/>雲の中で遊ぶのも<br/>元気出るわよ"
		,"style": "font-size: 13px;left: 29.65%;top: 5.16%;width: 14.32%;height: 11.32%;border-radius:40%;font-weight: normal;"
		,"class": "CENTER WHITE"
	}
	,{
		"text": "湿気<br/>多いのね<br/>ここ"
		,"style": "font-size: 14px;left: 35.26%;top: 17.90%;width: 7.16%;height: 5.28%;border-radius:30%;font-weight: normal;"
		,"class": "CENTER WHITE"
	}
	,{
		"text": "あ…<br/>その…"
		,"style": "font-size: 14px;left: 46.84%;top: 6.58%;width: 6.44%;height: 4.11%;border-radius:40%;font-weight: normal;"
		,"class": "CENTER WHITE"
	}
	,{
		"text": "この雨雲は<br/>彼女ので<br/><span><span style=\"font-weight: bold;\">ぼく</span>のこと<br/></span>心配して<br/>くれてたの?"
		,"style": "font-size: 14px;left: 78.34%;top: 3.65%;width: 12.53%;height: 9.72%;border-radius:50%;font-weight: normal;"
		,"class": "CENTER WHITE"
	}
	,{
		"text": "泣いてるのは<br/>美しい君に会えた<br/>喜びの涙さ"
		,"style": "font-size: 14px;left: 5.43%;top: 30.47%;width: 14.08%;height: 8.21%;border-radius:40%;font-weight: normal;"
		,"class": "CENTER WHITE"
	}
	,{
		"text": "さぁ<br/>君の美しい顔に<br/>暗い影を落とす<br/>理由を教えてよ?"
		,"style": "font-size: 14px;left: 5.79%;top: 38.85%;width: 14.08%;height: 9.81%;border-radius:40%;font-weight: normal;"
		,"class": "CENTER WHITE"
	}
	,{
		"text": "プッ"
		,"style": "font-size: 14px;left: 33.11%;top: 32.15%;width: 7.64%;height: 3.44%;border-radius:40%;font-weight: normal;"
		,"class": "CENTER WHITE"
	}
	,{
		"text": "この旅が<br/>不安なだけよ"
		,"style": "font-size: 14px;left: 41.83%;top: 30.89%;width: 12.77%;height: 6.29%;border-radius:40%;font-weight: normal;"
		,"class": "CENTER WHITE"
	}
	,{
		"text": "サボりも<br/>考えたけど<br/>祖父母が<br/>タタラトゥスに<br/>いるから<br/>行かないと"
		,"style": "font-size: 14px;left: 58.77%;top: 30.55%;width: 15.27%;height: 10.65%;border-radius:40%;font-weight: normal;"
		,"class": "CENTER WHITE"
	}
	,{
		"text": "祖父母が…<br/>嫌な奴ら<br/>とか?"
		,"style": "font-size: 14px;left: 76.91%;top: 30.72%;width: 12.05%;height: 7.12%;border-radius:45%;font-weight: normal;"
		,"class": "CENTER WHITE"
	}
	,{
		"text": "いいえ<br/>良い悪魔達よ…<br/>でもおじいちゃんが<br/>家業の継承を<br/>あたしに頼んでて<br/>厄介なの"
		,"style": "font-size: 14px;left: 7.94%;top: 53.44%;width: 18.74%;height: 8.89%;border-radius:40%;font-weight: normal;"
		,"class": "CENTER WHITE"
	}
	,{
		"text": "家業?<br/>何の仕事を<br/>してるの?"
		,"style": "font-size: 14px;left: 32.64%;top: 54.11%;width: 11.81%;height: 8.13%;border-radius:40%;font-weight: normal;"
		,"class": "CENTER WHITE"
	}
	,{
		"text": "おじいちゃんは<br/>有名な鍛冶屋よ。<br/>パパが都市から逃げて<br/>何百年も続いた<br/>家族の伝統が<br/>存続の危機なの"
		,"style": "font-size: 13px;left: 10.32%;top: 76.66%;width: 19.69%;height: 8.89%;border-radius:20%;font-weight: normal;"
		,"class": "CENTER WHITE"
	}
	,{
		"text": "職人は有史以来世界で最も尊敬される<br/>有角サイクロプスの鍛冶屋達、<br/>おじいちゃんは伝統的鋳造法を<br/>マスターした最後の生き残りなの。<br/>技術は一族の手を離れず、弟子も取らない。<br/>サイクロプス以外や角無しに<br/>教えるなんて考えられない。<br/>私は母がニンフだから角は無いけど、<br/>角有り扱いなの。血は継いでるから。<br/>孫の中で仕事の適正があるのは私だけ。<br/><span>だから<span style=\"font-weight: bold;\">一族の歴史の重み全てが<br/>あたしの双肩にかかっている</span>と<br/></span>言っても過言ではないわ"
		,"style": "font-size: 14px;left: 50.66%;top: 54.86%;width: 36.28%;height: 21.96%;border-radius:10%;font-weight: normal;"
		,"class": "CENTER WHITE"
	}
	,{
		"text": "本当に…<br/>重いね"
		,"style": "font-size: 14px;left: 81.44%;top: 85.62%;width: 7.52%;height: 4.78%;border-radius:40%;font-weight: normal;"
		,"class": "CENTER WHITE"
	}
]