[
	{
		"text": "サイクロプスは<br/>角の有無で文化が違うのに<br/>この伝説だけは<br/>両種族に世代を超えて<br/>受け継がれている"
		,"style": "font-size: 14px;left: 33.77%;top: 3.13%;width: 25.54%;height: 7.93%;border-radius:0%;font-weight: normal;border: solid 1px;"
		,"class": "CENTER WHITE"
	}
	,{
		"text": "数百年前、<br/>視力の落ちた角の無い<br/>サイクロプスが<br/>星々と月が輝く場所を<br/>地下で探した。<br/><br/>つまり、失明する前に<br/>世界の鍛冶場の炎で<br/>傑作を作ろうとした"
		,"style": "font-size: 14px;left: 4.18%;top: 21.49%;width: 18.62%;height: 17.85%;border-radius:0%;font-weight: normal;border: solid 1px;"
		,"class": "CENTER WHITE"
	}
	,{
		"text": "運命か偶然か<br/>足の悪い角のある<br/>サイクロプスも<br/>同じことを考え<br/>その角の無い<br/>サイクロプスと<br/>出会いました。<br/>その地下の場所が<br/>現在のタタラトゥス"
		,"style": "font-size: 14px;left: 72.91%;top: 21.74%;width: 17.66%;height: 15.17%;border-radius:0%;font-weight: normal;border: solid 1px;"
		,"class": "CENTER WHITE"
	}
	,{
		"text": "魔法の力こそ無いが<br/>鍛冶場をそこに発見し<br/>豊富なオリハルコンが<br/>空の星のように<br/>輝いていた"
		,"style": "font-size: 14px;left: 13.01%;top: 51.24%;width: 18.50%;height: 11.15%;border-radius:0%;font-weight: normal;border: solid 1px;"
		,"class": "CENTER WHITE"
	}
	,{
		"text": "２つの異なる種族の<br/>サイクロプス達は<br/>一丸となり働き、<br/>数え切れない傑作を作り<br/>すぐに数多の悪魔達の<br/>貿易の中心地となった"
		,"style": "font-size: 14px;left: 60.26%;top: 51.58%;width: 20.53%;height: 11.06%;border-radius:0%;font-weight: normal;border: solid 1px;"
		,"class": "CENTER WHITE"
	}
	,{
		"text": "つまり、史上初の<br/>混成悪魔文化が生まれた…<br/>アンブラ市の数十年前です"
		,"style": "font-size: 14px;left: 12.53%;top: 74.21%;width: 21.60%;height: 9.14%;border-radius:50%;font-weight: normal;"
		,"class": "CENTER WHITE"
	}
]