[
	{
		"text": "東京旅行!!"
		,"style": "left: 41.9451%;top: 12.3162%;width: 15.7518%;height: 4.2986%;font-size: 25px;color: white;background-color: #DBD0E3;border-radius: 50%;"
		,"class": "CENTER BOLD"
	}
	,{
		"text": "近々会いましょう!"
		,"style": "left: 27.0286%;top: 64.6917%;width: 40.3341%;height: 3.7330%;font-size: 25px;color: white;background-color: #DBD0E3;border-radius: 50%;"
		,"class": "CENTER BOLD"
	}
	,{
		"text": "非常に忙しい月のため少し休みます!<br/>しばらく東京へ行きます(!!) <br/>あとANIME NYC 11月15-17(テーブルG21)に出展します。<span class=\"BOLD\">デビルスキャンディの20ページは11月26日に投稿予定</span>それまでちょっとした物をツイッターやインスタグラムに通常通り投稿します。<br/>(@TSULALA)皆さんが良い月とハロウィンを過ごせることを願っています!!"
		,"style": "left: 5.9069%;top: 71.9316%;width: 88.9021%;height: 21.0407%;font-size: 20px;border-radius: 0%;"
		,"class": "CENTER WHITE"
	}
]