[
	{
		"text": "素晴らしい<br/>仕事ね、ヒトミ。<br/>恐ろしい小さな獣<br/>でも見事な<br/>構成よ"
		,"style": "font-size: 14em;left: 27.5%;top: 6%;border-radius: 20%;"
		,"class": "WHITE"
	}
	,{
		"text": "ありがとう、<br/>ミズ・<br/>トリンクル!"
		,"style": "font-size: 14em;left: 32%;top: 34.5%;border-radius: 30%;"
		,"class": "WHITE"
	}
	,{
		"text": "では、私の<br/>優等生を<br/>見ましょう！"
		,"style": "font-size: 15em;left: 49%;top: 8.5%;border-radius: 20%;"
		,"class": "WHITE"
	}
	,{
		"text": "私を失望<br/>させないと<br/>信じてるわ！"
		,"style": "font-size: 15em;left: 61%;top: 10%;border-radius: 20%;"
		,"class": "WHITE"
	}
	,{
		"text": "<span style=\"font-weight: bold;\">おぉぉっと。<br/>圧倒されて</span><br/>黙っちまうぜ"
		,"style": "font-size: 16em;left: 47%;top: 34%;border-radius: 20%;"
		,"class": "WHITE"
	}
	,{
		"text": "さぁ、<br/><span style=\"font-weight: bold;\">レディィ達<br/>恋人ぉぉぉ</span>の<br/>元に来い！"
		,"style": "font-size: 22em;left: 69.5%;top: 48.5%;border-radius: 20%;"
		,"class": "WHITE"
	}
]