[
	{
		"text": "<span style=\"font-weight: bold;\">嫌だ!</span>"
		,"style": "font-size:35em;left: 11.5%;top: 8.7%;border-radius: 20%;"
		,"class": "WHITE"
	}
	,{
		"text": "僕はパンドラの<br/>命に責任がある！<br/>生まれた日を<br/>彼女の最期に<br/>してたまるか！"
		,"style": "font-size: 16em;left: 74%;top: 12%;height: 125px;border-radius: 20%;"
		,"class": "WHITE"
	}
	,{
		"text": "<span style=\"font-weight: bold;\">僕は…僕は<br/>彼女にこの世界は<br/>美しい場所だって<br/>見せてあげ<br/>たいんだ！！</span>"
		,"style": "font-size: 24em;left: 36.5%;top: 43%;border-radius: 50%;"
		,"class": "WHITE"
	}
	,{
		"text": "<span style=\"font-weight: bold;\">パンドラ!!<br/>君には輝ける<br/>未来がある!!</span>"
		,"style": "font-size: 20em;left: 66%;top: 44%;width: 120px;border-radius: 20%;"
		,"class": "WHITE"
	}
]