[
	{
		"text": "<span style=\"font-weight: bold;\">オレェェェ<br/>の<br/>仲間になれ!</span>"
		,"style": "font-size: 20em;left: 38.5%;top: 19%;border-radius: 20%;"
		,"class": "WHITE"
	}
	,{
		"text": "<span style=\"font-weight: bold;\">お前の<br/>脳ぉぉぉぉ<br/>が欲しい！</span>"
		,"style": "font-size: 20em;left: 33.5%;top: 37%;border-radius: 20%;"
		,"class": "WHITE"
	}
	,{
		"text": "<span style=\"font-size: large;font-weight: bold;\">うぐ<br/>っ</span>"
		,"style": "font-size: 16em;left: 27.1%;top: 52.5%;border-radius: 20%;"
		,"class": "WHITE"
	}
	,{
		"text": "オレの脳!?<br/>なんだ、<br/>食う気か？"
		,"style": "font-size: 16em;left: 54.5%;top: 40%;border-radius: 20%;"
		,"class": "WHITE"
	}
	,{
		"text": "違う、違う！<br/>オレが欲しいのは<br/><span style=\"font-weight: bold;\">パートナァァァ！</span>"
		,"style": "font-size: 14em;left: 79.3%;top: 40%;border-radius: 20%;"
		,"class": "WHITE"
	}
	,{
		"text": "悪いが、<br/>オレはお前の<br/>妻になる気は<br/>ねぇよ"
		,"style": "font-size: 15em;left: 76.1933%;top: 75.8921%;width: 11.5752%;height: 11.7548%;border-radius: 45%;"
		,"class": "CENTER WHITE"
	}
]