[
	{
		"text": "そ…それで<br/>君は何<br/>作った？"
		,"style": "font-size: 16em;left: 17%;top: 8.3%;border-radius: 10%;"
		,"class": "WHITE"
	}
	,{
		"text": "ケルベロス<br/>だよ"
		,"style": "font-size: 16em;left: 68.4%;top: 8.5%;border-radius: 0%;"
		,"class": "WHITE"
	}
	,{
		"text": "他にはない<br/>カッコよさだ、<br/>翼があるからな"
		,"style": "font-size: 14em;left: 75%;top: 13%;border-radius: 20%;"
		,"class": "WHITE"
	}
	,{
		"text": "そして<br/>ポケット<br/>サイズ！"
		,"style": "font-size: 16em;left: 36.5%;top: 42.5%;border-radius: 0%;"
		,"class": "WHITE"
	}
	,{
		"text": "<span>それ<span style=\"font-weight: bold;\">は</span></span>いい…!"
		,"style": "font-size: 15em;left: 47.2%;top: 46.5%;width: 59px;height: 37px;border-radius: 10%;"
		,"class": "CENTER WHITE"
	}
	,{
		"text": "ヒトミにお前の<br/><span style=\"font-weight: bold;\">完全オリジナルの<br/>彼女じゃないやつ</span><br/>見せないのか？"
		,"style": "font-size: 15em;left: 73.5%;top: 62.5%;border-radius: 20%;"
		,"class": "WHITE"
	}
]