[
	{
		"text": "どうした<br/>んだ？"
		,"style": "font-size: 16em;left: 7.6969%;top: 5.7830%;width: 9.3079%;height: 5.6255%;border-radius: 45%;"
		,"class": "WHITE"
	}
	,{
		"text": "<span style=\"font-weight: bold;\">アッ<br/>？！</span>"
		,"style": "font-size: 34em;left: 37.6492%;top: 21.6520%;width: 10.2625%;height: 10.0756%;border-radius: 45%;"
		,"class": "WHITE BOLD"
	}
	,{
		"text": "み…皆女の子<br/>作ったの？！"
		,"style": "font-size: 20em;left: 12.4702%;top: 69.5109%;width: 17.3031%;height: 6.1293%;border-radius: 45%;"
		,"class": "WHITE"
	}
	,{
		"text": "お前あれを<br/>女の子って<br/>呼べるの<span style=\"font-weight: bold;\">かよ</span>"
		,"style": "font-size: 15em;left: 32.5%;top: 69%;border-radius: 20%;"
		,"class": "WHITE"
	}
	,{
		"text": "す…少なくとも<br/>僕は服を着せる<br/>良識はあるよ！<br/><span style=\"font-size: 0.7em;\">これが“男性目線”?</span>"
		,"style": "font-size: 16em;left: 74.8%;top: 67%;border-radius: 20%;"
		,"class": "WHITE"
	}
]