[
	{
		"text": "<span style=\"font-weight: bold;\">君はただの<br/>生物学の課題<br/>なんかじゃ<br/>ない！！</span>"
		,"style": "font-size: 15em;left: 18%;top: 5.5%;border-radius: 30%;"
		,"class": "WHITE"
	}
	,{
		"text": "<span style=\"font-weight: bold;\">仲間になれぇぇ…</span>"
		,"style": "font-size: 32em;left: 39%;top: 17.8%;width :283px;border-radius: 10%;"
		,"class": "WHITE"
	}
	,{
		"text": "<span style=\"font-size: small;\">仲間になれ、<br/>デビライザー!</span>"
		,"style": "font-size: 14em;left: 17%;top: 56%;border-radius: 20%;"
		,"class": "WHITE"
	}
	,{
		"text": "その鎧の下の、<br/>お前は獣だ、<br/>私と同じだ！"
		,"style": "font-size: 14em;left: 68.3%;top: 56.5%;border-radius: 20%;"
		,"class": "WHITE"
	}
	,{
		"text": "獣か…<br/>そうだ、<br/>多分<br/>そうだ<br/>ろう…"
		,"style": "font-size: 14em;left: 15.5%;top: 71.5%;border-radius: 20%;"
		,"class": "WHITE"
	}
	,{
		"text": "<span style=\"font-size: large;font-weight: bold;\">だが俺は<br/>貴様とは<br/>違う！！</span>"
		,"style": "font-size: 16em;left: 54.2%;top: 72%;border-radius: 20%;"
		,"class": "WHITE"
	}
]