[
	{
		"text": "ふんっ!"
		,"style": "font-size: 14em;left: 54%;top: 8.2%;border-radius: 20%;"
		,"class": "WHITE"
	}
	,{
		"text": "おやすみ、<br/>パンドラ!"
		,"style": "font-size: 25em;left: 4.5%;top: 28%;border-radius: 20%;"
		,"class": "WHITE"
	}
	,{
		"text": "～～～!!"
		,"style": "font-size: 20em;left: 9%;top: 57%;border-radius: 20%;"
		,"class": "WHITE"
	}
	,{
		"text": "やった！<br/>本当に<br/>やったんだ！"
		,"style": "font-size: 16em;left: 18%;top: 60%;border-radius: 20%;"
		,"class": "WHITE"
	}
	,{
		"text": "１日が終わった<br/>何の問題も<br/>なく！！"
		,"style": "font-size: 16em;left: 39%;top: 57%;border-radius: 20%;"
		,"class": "WHITE"
	}
	,{
		"text": "ただ<br/>…"
		,"style": "font-size: 16em;left: 63%;top: 56%;width: 57px;border-radius: 20%;"
		,"class": "WHITE"
	}
	,{
		"text": "１日１日を<br/>大切に生きる<br/>だけさ！"
		,"style": "font-size: 16em;left: 76.5%;top: 55.5%;border-radius: 20%;"
		,"class": "WHITE"
	}
	,{
		"text": "<span style=\"font-weight: bold;\">手に<br/>負えない</span>"
		,"style": "font-size: 26em;left: 77.8%;top: 84.5%;border:solid 1px;border-radius: 0%;"
		,"class": "WHITE"
	}
]