[
	{
		"text": "けしからない。<br/>けしからない。<br/>まただらしなく<br/>作られた娼婦<br/>ですか。<br/>恥をお知り"
		,"style": "font-size: 14em;left: 35%;top: 77.5%;border-radius: 20%;"
		,"class": "WHITE"
	}
	,{
		"text": "わからない…！<br/>どこから<br/>これだけの<br/>パーツが？"
		,"style": "font-size: 15em;left: 59%;top: 48.5%;border-radius: 20%;"
		,"class": "WHITE"
	}
	,{
		"text": "皆生物学に<br/>入れ込んでて<br/>僕だけ分かって<br/>ないのかな？"
		,"style": "font-size: 16em;left: 78%;top: 71.5%;border-radius: 20%;"
		,"class": "WHITE"
	}
]