[
	{
		"text": "<span style=\"font-weight: bold;\">スゲェな、おい!</span><br/>お前本当に<br/>作り方知って<br/>んだよな…<br/>アレの！"
		,"style": "font-size: 14em;left: 13.5%;top: 31.5%;border-radius: 20%;"
		,"class": "WHITE"
	}
	,{
		"text": "えっと、<br/>ありがと。<br/><span style=\"font-weight: bold;\">でも、ねぇ！<br/>彼女は<br/>物じゃない<br/>って！！</span>"
		,"style": "font-size: 16em;left: 27.5%;top: 34%;border-radius: 20%;"
		,"class": "WHITE"
	}
	,{
		"text": "<span style=\"font-weight: bold;\">気をつけろ、<br/>キラー！</span>"
		,"style": "font-size: 16em;left: 70%;top: 65.5%;height: 49px;border-radius: 20%;"
		,"class": "WHITE"
	}
	,{
		"text": "<span style=\"font-weight: bold;\">その呼び方<br/>やめて！！</span>"
		,"style": "font-size: 16em;left: 68%;top: 72%;border-radius: 20%;"
		,"class": "WHITE"
	}
]