[
	{
		"text": "女の子相手は<br/>恥ずかしいから<br/>自分用に恋人を<br/>ありあわせで<br/>作ったんだろ？"
		,"style": "font-size: 15em;left: 16%;top: 6.5%;width: 112px;height: 107px;border-radius: 10%;"
		,"class": "CENTER WHITE"
	}
	,{
		"text": "うん。<br/>少し<br/>キモい"
		,"style": "font-size: 14em;left: 23.5%;top: 16.5%;width: 61px;height: 53px;border-radius: 10%;"
		,"class": "CENTER WHITE"
	}
	,{
		"text": "ニモー！<br/>もう止めて<br/>くれる?!"
		,"style": "font-size: 17em;left: 34.4%;top: 11.8%;width: 93px;height: 58px;border-radius: 10%;"
		,"class": "CENTER WHITE BOLD"
	}
	,{
		"text": "新入<br/>生?"
		,"style": "font-size: 12em;left: 8.7%;top: 18.5%;width: 33px;height: 25px;border-radius: 20%;"
		,"class": "CENTER WHITE"
	}
	,{
		"text": "何の<br/>悪魔かな"
		,"style": "font-size: 13em;left: 13.2%;top: 19.8%;width: 55px;height: 44px;border-radius: 10%;"
		,"class": "CENTER WHITE"
	}
	,{
		"text": "生物学への愛の<br/>ロマンスだけさ！<br/>ゼロから作った<br/>のも世界に誇示<br/>するためだし！"
		,"style": "font-size: 15em;left: 63%;top: 13%;border-radius: 30%;"
		,"class": "WHITE"
	}
	,{
		"text": "これは君の<br/>気まぐれな<br/>“ありあわせ”<br/>とは違う"
		,"style": "font-size: 16em;left: 57.3%;top: 52.7%;border-radius: 10%;"
		,"class": "WHITE"
	}
	,{
		"text": "生きた女の子を<br/>作る以上に<br/>挑戦的なこと<br/>ってある？"
		,"style": "font-size: 16em;left: 64.6%;top: 60.5%;border-radius: 10%;"
		,"class": "WHITE"
	}
]