[
	{
		"text": "彼らは<br/>自分の名を…<br/>顔を…<br/>声を…<br/>血と肉を<br/>犠牲にした"
		,"style": "font-size: 15em;left: 14.5%;top: 5%;border-radius: 20%;"
		,"class": "WHITE"
	}
	,{
		"text": "平穏な死を拒否し<br/>重要な目的を<br/>成すため<br/>留まり続ける、<br/>終わりを<br/>見るまで<br/>安息はない"
		,"style": "font-size: 15em;left: 67%;top: 5.8%;border-radius: 30%;"
		,"class": "WHITE"
	}
	,{
		"text": "(メモっといて、<br/>パンドラ！)"
		,"style": "font-size: 16em;left: 75%;top: 18.5%;transform: rotate(-13deg);border-radius: 20%;"
		,"class": "WHITE"
	}
	,{
		"text": "素晴らしい<br/>考えです、カズ！<br/>君はそれを、<br/>私はここで…<br/>偵察します"
		,"style": "font-size: 15em;left: 6.5%;top: 35.2%;border-radius: 20%;"
		,"class": "WHITE"
	}
	,{
		"text": "了解です<br/>サー！"
		,"style": "font-size: 16em;left: 29%;top: 35.5%;border-radius: 20%;"
		,"class": "WHITE"
	}
	,{
		"text": "軟弱者"
		,"style": "font-size: 16em;left: 41%;top: 37%;border-radius: 20%;"
		,"class": "WHITE"
	}
	,{
		"text": "恐れるな<br/>同僚よ。<br/>私が君とその<br/>ジューシーで<br/>蛋白質を作る<br/>肝臓を守る"
		,"style": "font-size: 16em;left: 28%;top: 59%;border-radius: 20%;"
		,"class": "WHITE"
	}
]