[
	{
		"text": "テスト合格<br/>おめでとう！<br/>“幽霊”達は<br/>君を全く<br/>阻止でき<br/>なかった"
		,"style": "font-size: 16em;left: 46%;top: 10.5%;border-radius: 20%;"
		,"class": "WHITE"
	}
	,{
		"text": "待って…<br/>君達は…<br/>！！"
		,"style": "font-size: 16em;left: 82.5%;top: 20%;border-radius: 20%;"
		,"class": "WHITE"
	}
	,{
		"text": "物理学の<br/>エキスパート<br/>ホレイショー<br/>・ヘックス！"
		,"style": "font-size: 15em;left: 32%;top: 26%;border-radius: 20%;"
		,"class": "WHITE BOLD"
	}
	,{
		"text": "神経学、<br/>マデュー・<br/>モーガン"
		,"style": "font-size: 16em;left: 46.2%;top: 28%;border-radius: 20%;"
		,"class": "WHITE"
	}
	,{
		"text": "マディって<br/>呼んで…<br/>呼ばなくても<br/>気にしない"
		,"style": "font-size: 12em;left: 45%;top: 35.5%;border-radius: 0%;"
		,"class": "WHITE"
	}
	,{
		"text": "化学の<br/>エキスパート<br/>ベベ・<br/>プシュミ！"
		,"style": "font-size: 15em;left: 41.5%;top: 43%;width: 101px;border-radius: 20%;"
		,"class": "CENTER WHITE BOLD"
	}
	,{
		"text": "愛の<br/><ruby>十字軍<rp>(</rp><rt>クルセイダー</rt><rp>)</rp></ruby>ビビ…"
		,"style": "font-size: 12.5em;left: 69%;top: 43.2%;width: 64px;height: 67px;border-radius: 50%;"
		,"class": "CENTER WHITE"
	}
	,{
		"text": "て…天文学の<br/>エキスパート、<br/>トビー・<br/>アズラー＝ザ"
		,"style": "font-size: 14em;left: 80.5%;top: 43.5%;border-radius: 20%;"
		,"class": "WHITE"
	}
	,{
		"text": "皆揃って、<br/>我ら…"
		,"style": "font-size: 20em;left: 12%;top: 68%;border-radius: 20%;"
		,"class": "WHITE BOLD"
	}
	,{
		"text": "科学<br/>クラブ!"
		,"style": "font-size: 23em;left: 80%;top: 84%;border-radius: 20%;"
		,"class": "WHITE BOLD"
	}
]