[
	{
		"text": "デビライザーは<br/>大人のなり方を<br/>僕に教えて<br/>くれる！"
		,"style": "font-size: 13em;left: 12%;top: 5.5%;border-radius: 20%;"
		,"class": "WHITE"
	}
	,{
		"text": "注意深く<br/>観て<br/>君が学ぶべき<br/>事を<br/>知ってね！"
		,"style": "font-size: 14em;left: 19.3%;top: 13%;border-radius: 20%;"
		,"class": "WHITE"
	}
	,{
		"text": "でも学習に<br/>最高の場所は<br/>学校さ、<br/>だから準備<br/>しよう！"
		,"style": "font-size: 16em;left: 16%;top: 36%;border-radius: 20%;"
		,"class": "WHITE"
	}
	,{
		"text": "ニモが<br/>もうすぐ<br/>来るはず<br/>だから…"
		,"style": "font-size: 16em;left: 66.5%;top: 37.5%;border-radius: 20%;"
		,"class": "WHITE"
	}
	,{
		"text": "カズ　やめろ"
		,"style": "font-size: 18em;left: 43%;top: 72.5%;border-radius: 10%;"
		,"class": "WHITE"
	}
	,{
		"text": "<span style=\"font-weight: bold;\">どうして?</span><br/>彼女にも<br/>学習は<br/>必要だよ!"
		,"style": "font-size: 16em;left: 80.5%;top: 60%;border-radius: 20%;"
		,"class": "WHITE"
	}
]
