[
	{
		"text": "お前がその<br/>子供達を<br/><span style=\"font-weight: bold;\">食ったろ!</span>"
		,"style": "font-size: 16em;left: 36%;top: 5%;border-radius: 20%;"
		,"class": "WHITE"
	}
	,{
		"text": "見ろ、<br/>お前の口から<br/>腕が一本<br/>飛び出してる!"
		,"style": "font-size: 16em;left: 45.5%;top: 7.1%;border-radius: 20%;"
		,"class": "WHITE"
	}
	,{
		"text": "<span style=\"font-weight: bold;\">これはその、<br/>１度だけだ!<br/>二度としない!</span>"
		,"style": "font-size: 19em;left: 9%;top: 47.3%;border-radius: 20%;"
		,"class": "WHITE"
	}
	,{
		"text": "<span style=\"font-weight: bold;\">見逃して<br/>くれない<br/>か？</span>"
		,"style": "font-size: 20em;left: 21.6%;top: 54.5%;border-radius: 20%;"
		,"class": "WHITE"
	}
	,{
		"text": "<span style=\"font-weight: bold;\">軟弱者!!</span>"
		,"style": "font-size: 55em;left: 30.7%;top: 65%;;border-radius: 25%;"
		,"class": "WHITE"
	}
	,{
		"text": "ハハハ！<br/>うわぁ～～"
		,"style": "font-size: 16em;left: 61%;top: 47.5%;border-radius: 20%;"
		,"class": "WHITE"
	}
]