[
	{
		"text": "彼女の脳を<br/>取り出せよ。<br/>そしたら<br/>何も悩む必要<br/>なくなるだろ"
		,"style": "font-size: 16em;left: 12.4%;top: 5%;border-radius: 20%;"
		,"class": "WHITE"
	}
	,{
		"text": "それか<br/>新しい、<br/>賢いのを<br/>やれよ"
		,"style": "font-size: 16em;left: 27%;top: 8%;border-radius: 20%;"
		,"class": "WHITE"
	}
	,{
		"text": "そうかい?<br/>君は賢いね、<br/>君の脳を<br/>あげたら?"
		,"style": "font-size: 15em;left: 58%;top: 5.6%;border-radius: 20%;"
		,"class": "WHITE"
	}
	,{
		"text": "<span style=\"font-weight: bold;\">そしたら</span><br/>君は<br/>どうする?"
		,"style": "font-size: 15em;left: 70%;top: 5.8%;border-radius: 20%;"
		,"class": "WHITE"
	}
	,{
		"text": "新しい<br/>野蛮な体で<br/>お前の顔を<br/>繰り返し<br/>蹴ってやるよ"
		,"style": "font-size: 15em;left: 74.5%;top: 30%;border-radius: 20%;"
		,"class": "WHITE"
	}
	,{
		"text": "あー。<br/>議論する<br/>価値も<br/>ねぇよ"
		,"style": "font-size: 16em;left: 15.5%;top: 53.5%;border-radius: 20%;"
		,"class": "WHITE"
	}
	,{
		"text": "“だから言っただろ”<br/>って言う気力は<br/>お前が大失敗する<br/>時まで<br/>とっておくぜ"
		,"style": "font-size: 15em;left: 26%;top: 54.5%;border-radius: 20%;"
		,"class": "WHITE"
	}
	,{
		"text": "ニモを<br/>覚えてるかい<br/>パンドラ？<br/>僕らの友達。<br/><span style=\"font-weight: bold;\">友達さ</span>"
		,"style": "font-size: 16em;left: 50%;top: 71%;border-radius: 20%;"
		,"class": "WHITE"
	}
]