[
	{
		"text": "完璧な<br/>存在だ"
		,"style": "font-size: 22em;left: 15%;top: 9%;border-radius: 20%;"
		,"class": "WHITE"
	}
	,{
		"text": "欠けてる<br/>のは<br/>脳だけよ!"
		,"style": "font-size: 16em;left: 23%;top: 17.5%;border-radius: 20%;"
		,"class": "WHITE"
	}
	,{
		"text": "仕事を<br/>邪魔されぬよう<br/>“セキュリティー<br/>システム”を<br/>有効にした"
		,"style": "font-size: 14em;left: 81%;top: 8%;border-radius: 20%;"
		,"class": "WHITE"
	}
	,{
		"text": "凡人共はそれを<br/>“幽霊”と呼ぶ、<br/>だが本当は、<br/>立体映像以上の<br/>何物でもない、<br/>幻覚を引き起こす<br/>聞こえない波長も<br/>組み合わせたがね"
		,"style": "font-size: 15em;left: 10%;top: 52.5%;border-radius: 20%;"
		,"class": "WHITE"
	}
	,{
		"text": "計画は<br/>人々を私達の<br/>秘密研究所から<br/>遠ざけることだ…<br/>だが別の目的も<br/>果たした"
		,"style": "font-size: 16em;left: 37.6%;top: 53%;border-radius: 40%;"
		,"class": "WHITE"
	}
	,{
		"text": "誰であれ<br/>幻覚を<br/>見抜けた者は<br/>…"
		,"style": "font-size: 16em;left: 55%;top: 52%;border-radius: 20%;"
		,"class": "WHITE"
	}
	,{
		"text": "リーダー<br/>にする<br/>価値がある"
		,"style": "font-size: 16em;left: 63.5%;top: 59%;border-radius: 20%;"
		,"class": "WHITE"
	}
	,{
		"text": "少なくとも<br/>脳を引きずり出し<br/>私達の巨大な<br/>バイオモンスターに<br/>繋げる価値がある"
		,"style": "font-size: 14em;left: 74%;top: 54.5%;border-radius: 20%;"
		,"class": "WHITE"
	}
	,{
		"text": "もしか<br/>して…"
		,"style": "font-size: 16em;left: 78.1%;top: 88.5%;border-radius: 20%;"
		,"class": "WHITE"
	}
]
