[
	{
		"text": "立ち<br/>去れぃ！"
		,"style": "font-size: 16em;left: 18.4%;top: 5%;border-radius: 20%;"
		,"class": "WHITE"
	}
	,{
		"text": "お前の<br/>知的好奇心は<br/>ここでは歓迎<br/>されない！"
		,"style": "font-size: 16em;left: 16.8%;top: 11%;border-radius: 20%;"
		,"class": "WHITE"
	}
	,{
		"text": "運動か<br/>何かしに行け!"
		,"style": "font-size: 18em;left: 52%;top: 14.7%;border-radius: 20%;"
		,"class": "WHITE"
	}
	,{
		"text": "勉強<br/>するなよ！"
		,"style": "font-size: 16em;left: 57%;top: 21.5%;border-radius: 30%;"
		,"class": "WHITE"
	}
	,{
		"text": "科学は<br/>理解への<br/>門だ！"
		,"style": "font-size: 35em;left: 9.5%;top: 38.5%;border-radius: 20%;"
		,"class": "WHITE BOLD"
	}
	,{
		"text": "科学は<br/>世界！<br/>科学こそ<br/>人生！"
		,"style": "font-size: 28em;left: 79.2%;top: 42%;border-radius: 25%;"
		,"class": "WHITE BOLD"
	}
	,{
		"text": "魔法の<br/>言葉を<br/>言ったな"
		,"style": "font-size: 25em;left: 40.4%;top: 81.5%;border-radius: 20%;"
		,"class": "WHITE BOLD"
	}
]