[
	{
		"text": "これで私が<br/>あんた達を<br/>逃がすと思う!?"
		,"style": "font-size: 16em;left: 60%;top: 7%;border-radius: 20%;"
		,"class": "WHITE"
	}
	,{
		"text": "あんた達を<br/><span style=\"font-weight: bold;\">生きて</span>帰す<br/>とでも！？"
		,"style": "font-size: 30em;left: 11.5%;top: 45%;border-radius: 20%;"
		,"class": "WHITE"
	}
	,{
		"text": "研究所ごと<br/>あんた達を<br/>一掃して<br/>やる！"
		,"style": "font-size: 30em;left: 75.5%;top: 43.8%;border-radius: 40%;"
		,"class": "WHITE BOLD"
	}
	,{
		"text": "ま…<br/>待て…"
		,"style": "font-size: 14em;left: 14.5%;top: 65%;width: 62px;border-radius: 30%;"
		,"class": "WHITE"
	}
	,{
		"text": "やめ…"
		,"style": "font-size: 15em;left: 17%;top: 70%;border-radius: 20%;"
		,"class": "WHITE"
	}
	,{
		"text": "この<span style=\"font-weight: bold;\">破壊</span>の<br/>ポーション<br/>で…"
		,"style": "font-size: 27em;left: 32%;top: 64.8%;border-radius: 20%;"
		,"class": "WHITE"
	}
	,{
		"text": "この愛の<br/>ポーション<br/>で…"
		,"style": "font-size: 16em;left: 36.5%;top: 76.5%;border-radius: 20%;"
		,"class": "WHITE"
	}
	,{
		"text": "空高く<br/>ブッ飛ば<br/>してやる!"
		,"style": "font-size: 27em;left: 80%;top: 64%;border-radius: 20%;"
		,"class": "WHITE BOLD"
	}
	,{
		"text": "私に<br/>惚れさせて<br/>あげる、ニモ!"
		,"style": "font-size: 16em;left: 83%;top: 76.2%;border-radius: 20%;"
		,"class": "WHITE"
	}
]