[
	{
		"text": "やります"
		,"style": "font-size: 11em;left: 7.4%;top: 7.3%;border-radius: 20%;"
		,"class": "WHITE"
	}
	,{
		"text": "やります"
		,"style": "font-size: 16em;left: 21%;top: 7%;border-radius: 20%;"
		,"class": "WHITE"
	}
	,{
		"text": "やります!"
		,"style": "font-size: 22em;left: 35%;top: 6.5%;border-radius: 20%;"
		,"class": "WHITE BOLD"
	}
	,{
		"text": "ファッション<br/>ショーは<br/>明日の夕方よ"
		,"style": "font-size: 16em;left: 75.5%;top: 45%;border-radius: 20%;"
		,"class": "WHITE"
	}
	,{
		"text": "パンドラ！"
		,"style": "font-size: 16em;left: 8%;top: 59%;border-radius: 0%;"
		,"class": "WHITE"
	}
	,{
		"text": "あたしの家で…<br/>今晩。５時に<br/>徹底的に採寸!<br/>徹夜よ!"
		,"style": "font-size: 16em;left: 27.5%;top: 58%;border-radius: 20%;"
		,"class": "WHITE"
	}
	,{
		"text": "パンドラは<br/>…シャイで。<br/>僕も一緒<br/>だよ？"
		,"style": "font-size: 14em;left: 72%;top: 58%;border-radius: 20%;"
		,"class": "WHITE"
	}
]