[
	{
		"text": "今週の、<br/><span style=\"font-weight: bold;\">ドクター エース</span>と<br/><span style=\"font-weight: bold;\">ナース クィーニー</span><br/>は人里離れた部族<br/>をゴブリン痘から<br/>救うため危険な<br/>白骨砂漠を旅する"
		,"style": "font-size: 14em;left: 11%;top: 7%;border-radius: 0%;"
		,"class": "WHITE"
	}
	,{
		"text": "白骨砂漠、<br/>アベナス"
		,"style": "font-size: 16em;left: 30%;top: 8.5%;width: 139px;border:solid 1px;border-radius: 0%;"
		,"class": "WHITE"
	}
	,{
		"text": "どう<br/>ですか、<br/>ドクター?"
		,"style": "font-size: 14em;left: 53.5%;top: 9.5%;border-radius: 20%;"
		,"class": "WHITE"
	}
	,{
		"text": "私が<br/>来る前は<br/>酷かった"
		,"style": "font-size: 16em;left: 80.6%;top: 9%;border-radius: 20%;"
		,"class": "WHITE"
	}
	,{
		"text": "子供の<br/>致死率は<br/>666%…<br/>全世帯でだ"
		,"style": "font-size: 17em;left: 11.5%;top: 39%;border-radius: 10%;"
		,"class": "WHITE"
	}
	,{
		"text": "彼らは<br/>全て棒と泥で<br/>治そうとする<br/>それで上手く<br/>いかない"
		,"style": "font-size: 14em;left: 23%;top: 40%;border-radius: 20%;"
		,"class": "WHITE"
	}
	,{
		"text": "だから<br/>得意技を<br/>持ってきたわ<br/>最良の薬は…"
		,"style": "font-size: 14em;left: 80.5%;top: 37.5%;border-radius: 40%;"
		,"class": "WHITE"
	}
	,{
		"text": "そして<br/>２番目に良い<br/>お薬は…"
		,"style": "font-size: 14em;left: 80%;top: 56%;border-radius: 40%;"
		,"class": "WHITE"
	}
	,{
		"text": "お薬！"
		,"style": "font-size: 30em;left: 73%;top: 72%;width: 136px;border-radius: 20%;"
		,"class": "WHITE BOLD"
	}
]