[
	{
		"text": "教員<br/>共有<br/>ルーム"
		,"style": "font-size: 16em;left: 10%;top: 15%;border-radius: 10%;"
		,"class": "WHITE"
	}
	,{
		"text": "どんな学校でも<br/>問題を共有するのは<br/>分かってるけど、<br/>腰抜けの校長が<br/>災害をどうにか<br/>してくれるのを<br/>願うわ！"
		,"style": "font-size: 14em;left: 29%;top: 5%;border-radius: 30%;"
		,"class": "WHITE"
	}
	,{
		"text": "あら?"
		,"style": "font-size: 16em;left: 69%;top: 12%;border-radius: 30%;"
		,"class": "WHITE"
	}
	,{
		"text": "思い起こせば、<br/>最近の２つの<br/>“災害”は<br/>科学関係<br/>だったわね"
		,"style": "font-size: 14em;left: 73.5%;top: 14.5%;border-radius: 30%;"
		,"class": "WHITE"
	}
	,{
		"text": "３つ目が<br/>あんたのショー!<br/>廊下で爆弾が<br/>爆発したようよ!"
		,"style": "font-size: 15em;left: 10%;top: 33%;border-radius: 20%;"
		,"class": "WHITE"
	}
	,{
		"text": "なんのこと<br/>言ってるのか<br/>わからない<br/>わね"
		,"style": "font-size: 14em;left: 27.5%;top: 34.5%;border-radius: 30%;"
		,"class": "WHITE"
	}
	,{
		"text": "私に分かるのは<br/>火も爆弾も<br/>早期退職まで<br/>遠ざけろ<br/>ってこと!"
		,"style": "font-size: 16em;left: 42.5%;top: 33%;border-radius: 30%;"
		,"class": "WHITE"
	}
	,{
		"text": "火の話と<br/>いえば、<br/>この建物は<br/>禁煙よ！<br/><span style=\"font-weight: bold;\">それを置き<br/>なさい!</span>"
		,"style": "font-size: 16em;left: 59%;top: 32%;border-radius: 30%;"
		,"class": "WHITE"
	}
]