[
	{
		"text": "ヒトミの<br/>お客様は<br/>めずら<br/>しいわね"
		,"style": "font-size: 15em;left: 7.4%;top: 4.1%;border-radius: 30%;"
		,"class": "WHITE"
	}
	,{
		"text": "君のことは<br/>よく聞くわ、<br/>カズ、でも<br/>お友達は誰?"
		,"style": "font-size: 14em;left: 15.5%;top: 7.5%;border-radius: 20%;"
		,"class": "WHITE"
	}
	,{
		"text": "えっと<br/>その…"
		,"style": "font-size: 14em;left: 30%;top: 11.5%;border-radius: 20%;"
		,"class": "WHITE"
	}
	,{
		"text": "この女<br/>ケツ<br/>臭い"
		,"style": "font-size: 16em;left: 39.5%;top: 6%;border-radius: 20%;"
		,"class": "WHITE"
	}
	,{
		"text": "<span style=\"font-weight: bold;\">うげっ！</span><br/>ダンカン<br/>夕食会よ<br/>行儀よくして"
		,"style": "font-size: 14em;left: 54%;top: 8%;border-radius: 20%;"
		,"class": "WHITE"
	}
	,{
		"text": "失礼、<span style=\"font-weight: bold;\">殿下。</span><br/><span style=\"font-weight: bold;\">ウンコ王国の<br/>クソ女王</span>の前と<br/>気づきません<br/>でした"
		,"style": "font-size: 16em;left: 75%;top: 34.5%;border-radius: 20%;"
		,"class": "WHITE"
	}
	,{
		"text": "ダンカン、<br/>私は夕食の時に<br/>トイレの話は<br/>何て言った？"
		,"style": "font-size: 16em;left: 6%;top: 53%;border-radius: 20%;"
		,"class": "WHITE"
	}
	,{
		"text": "もし私が<br/>一つ目<br/>どころか<br/>百目なら、<br/>あきれて<span style=\"font-weight: bold;\">全部の<br/>目を</span>回すわ"
		,"style": "font-size: 14em;left: 22%;top: 56.5%;border-radius: 20%;"
		,"class": "WHITE"
	}
	,{
		"text": "ううう…"
		,"style": "font-size: 15em;left: 25%;top: 68.5%;border-radius: 20%;"
		,"class": "WHITE"
	}
	,{
		"text": "テレビは好きかい、カズ？<br/>もちろん観ていいぞ。<br/>子供は皆テレビ好きさ。<br/>心配いらない、<br/>俺達は夕食時にちょっと<br/>テレビも観れない程<br/>気取っちゃいないさ！"
		,"style": "font-size: 17em;left: 37%;top: 52%;width: 205px;border-radius: 20%;"
		,"class": "WHITE BOLD"
	}
	,{
		"text": "魅力的な<br/><span style=\"font-weight: bold;\">ドクター<br/>エース</span>も<br/>放送中ね"
		,"style": "font-size: 14em;left: 65.2%;top: 52.4%;border-radius: 20%;"
		,"class": "WHITE"
	}
	,{
		"text": "ハハハ！<br/>俺の何が奴より<br/>足りないんだ？"
		,"style": "font-size: 18em;left: 71%;top: 73.5%;border-radius: 30%;"
		,"class": "WHITE BOLD"
	}
]