[
	{
		"text": "センチネル達の<br/>怒りは今日は<br/>本当に悲惨です"
		,"style": "font-size: 16em;left: 13.5%;top: 4%;border-radius: 20%;"
		,"class": "WHITE"
	}
	,{
		"text": "地震があっても<br/>なくても、燻った<br/>体の山が自ずと<br/>物語ってるわね"
		,"style": "font-size: 16em;left: 35.5%;top: 5%;border-radius: 20%;"
		,"class": "WHITE"
	}
	,{
		"text": "将来、生徒達の<br/>安全のために<br/>伝統は避ける<br/>必要があるやも"
		,"style": "font-size: 16em;left: 74%;top: 10%;border-radius: 20%;"
		,"class": "WHITE"
	}
	,{
		"text": "この大虐殺の<br/>キャットウォーク<br/>誰も生き残れ<br/>ないのか？"
		,"style": "font-size: 14em;left: 15%;top: 47%;border-radius: 30%;"
		,"class": "WHITE"
	}
	,{
		"text": "えっと、ミス<br/>ヒトミ・オオクモが<br/>遅れて参加よ"
		,"style": "font-size: 14em;left: 42%;top: 49%;border-radius: 40%;"
		,"class": "WHITE"
	}
	,{
		"text": "彼女のモデルは<br/>ただシンプルに<br/>“パンドラ”とだけ<br/>記されてるわ"
		,"style": "font-size: 14em;left: 75%;top: 58%;border-radius: 30%;"
		,"class": "WHITE"
	}
	,{
		"text": "多分彼女は<br/>他の人達ほど…<br/><ruby>百合色の肝臓<rp>(</rp><rt>おくびょう</rt><rp>)</rp></ruby><br/>じゃないわ"
		,"style": "font-size: 16em;left: 13.8%;top: 70.7%;border-radius: 40%;"
		,"class": "WHITE BOLD"
	}
	,{
		"text": "頼むから、<br/>妹よ、<br/>少し自重しろ"
		,"style": "font-size: 16em;left: 54%;top: 74%;border-radius: 20%;"
		,"class": "WHITE"
	}
	,{
		"text": "パンドラ…"
		,"style": "font-size: 16em;left: 78.5%;top: 74.5%;border-radius: 20%;"
		,"class": "WHITE"
	}
]