[
	{
		"text": "おはよう<br/>ございます!"
		,"style": "font-size: 16em;left: 52%;top: 33.5%;border-radius: 20%;"
		,"class": "WHITE"
	}
	,{
		"text": "仕事は<br/>どうです?<br/>家族は?"
		,"style": "font-size: 16em;left: 81%;top: 35%;border-radius: 30%;"
		,"class": "WHITE"
	}
	,{
		"text": "ごめん<br/>スケルトンは<br/>喋れないの<br/>忘れてた…"
		,"style": "font-size: 16em;left: 13%;top: 70.5%;border-radius: 40%;"
		,"class": "WHITE"
	}
	,{
		"text": "それに君は<br/>死んでて、<br/>多分…"
		,"style": "font-size: 16em;left: 25%;top: 73%;border-radius: 20%;"
		,"class": "WHITE"
	}
	,{
		"text": "その…"
		,"style": "font-size: 14em;left: 44%;top: 65.9%;border-radius: 20%;"
		,"class": "WHITE"
	}
	,{
		"text": "気に<br/>しないで"
		,"style": "font-size: 14em;left: 52.7%;top: 84%;border-radius: 20%;"
		,"class": "WHITE"
	}
	,{
		"text": "僕は…"
		,"style": "font-size: 16em;left: 74.3%;top: 63.8%;border-radius: 20%;"
		,"class": "WHITE"
	}
	,{
		"text": "落ち込むのは<br/>やめて荷物に<br/>サインするよ"
		,"style": "font-size: 14em;left: 80%;top: 65%;border-radius: 20%;"
		,"class": "WHITE"
	}
	,{
		"text": "何して<br/>んだ僕?"
		,"style": "font-size: 14em;left: 84.7%;top: 71.3%;border-radius: 10%;"
		,"class": "WHITE"
	}
]