[
	{
		"text": "何で<br/>お前…<br/>なぜ…?!"
		,"style": "font-size: 16em;left: 12%;top: 5%;border-radius: 20%;"
		,"class": "WHITE BOLD"
	}
	,{
		"text": "どうして<br/>!?!?"
		,"style": "font-size: 14em;left: 21.5%;top: 8%;border-radius: 20%;"
		,"class": "WHITE BOLD"
	}
	,{
		"text": "わぁ、僕達<br/>オシャレ<br/>だね？"
		,"style": "font-size: 16em;left: 35%;top: 5.5%;border-radius: 20%;"
		,"class": "WHITE"
	}
	,{
		"text": "俺の柄<br/>じゃあねえよ！<br/>これじゃ<br/><span style=\"font-weight: bold;\">扮装だ！</span>"
		,"style": "font-size: 15em;left: 49%;top: 5%;border-radius: 20%;"
		,"class": "WHITE"
	}
	,{
		"text": "オシャレな<br/>人に？"
		,"style": "font-size: 16em;left: 67%;top: 6%;border-radius: 20%;"
		,"class": "WHITE"
	}
	,{
		"text": "怒りで<br/>言葉もねぇ。<br/>静かな怒り<br/>だけだ"
		,"style": "font-size: 14em;left: 79%;top: 5%;border-radius: 20%;"
		,"class": "WHITE"
	}
	,{
		"text": "カズーーー！"
		,"style": "font-size: 20em;left: 72%;top: 28%;border-radius: 20%;"
		,"class": "WHITE"
	}
	,{
		"text": "ふうっ！<br/>間に<br/>合った！"
		,"style": "font-size: 16em;left: 6%;top: 36%;border-radius: 20%;"
		,"class": "WHITE"
	}
	,{
		"text": "徹夜<br/>だったわ！"
		,"style": "font-size: 16em;left: 25%;top: 57.7%;border-radius: 20%;"
		,"class": "WHITE"
	}
	,{
		"text": "わあ、<br/>パンドラ、<br/>　とっても　<br/>魅力的！"
		,"style": "font-size: 15em;left: 68%;top: 35.1%;border-radius: 30%;"
		,"class": "WHITE"
	}
	,{
		"text": "僕の<br/>服はどう、<br/>ねぇ?ねぇ?"
		,"style": "font-size: 15em;left: 79.5%;top: 39%;border-radius: 20%;"
		,"class": "WHITE"
	}
	,{
		"text": "今だ、<br/>撤退の<br/>時だ！"
		,"style": "font-size: 15em;left: 82.4%;top: 62.5%;border-radius: 40%;"
		,"class": "WHITE"
	}
	,{
		"text": "何を私のこと<br/>喋ってるの!?"
		,"style": "font-size: 16em;left: 77%;top: 82.6%;border-radius: 20%;"
		,"class": "WHITE"
	}
]