[
	{
		"text": "センチネル達は、<br/><span style=\"font-weight: bold;\">苦痛の花道</span>の<br/>両側に配置され、<br/>通る者全てを<br/>次元間レーザー発射<br/>で審査するわ"
		,"style": "font-size: 16em;left: 51.5%;top: 6%;border-radius: 30%;"
		,"class": "WHITE"
	}
	,{
		"text": "優雅な参加者達は<br/>勇敢に試練に挑み<br/>服を保ち生き残れば、<br/>私達のパネルによる<br/>より安全な審査を<br/>受けられます"
		,"style": "font-size: 16em;left: 76%;top: 30.5%;border-radius: 40%;"
		,"class": "WHITE"
	}
	,{
		"text": "お兄様、<br/>今晩は肝臓を<br/>見られる？"
		,"style": "font-size: 14em;left: 11%;top: 48.4%;border-radius: 30%;"
		,"class": "WHITE"
	}
	,{
		"text": "…何を<br/>見る？"
		,"style": "font-size: 14em;left: 22.5%;top: 52%;border-radius: 30%;"
		,"class": "WHITE"
	}
	,{
		"text": "センチネル達が<br/>“反転”にレーザーを<br/>設定しない限り<br/>哀れな子供達の<br/>体の内外が反転し<br/>内蔵は晒さん"
		,"style": "font-size: 14em;left: 38%;top: 49%;border-radius: 30%;"
		,"class": "WHITE"
	}
	,{
		"text": "(美しいが、<br/>恐ろしく<br/>不適切だ)"
		,"style": "font-size: 14em;left: 41%;top: 60.5%;width: 90px;border-radius: 10%;"
		,"class": "WHITE"
	}
	,{
		"text": "ヘムロックの<br/><span style=\"font-weight: bold;\">大きく脈打つ</span><br/>肝臓の方が<br/>見たいわ"
		,"style": "font-size: 14em;left: 57.1%;top: 49%;border-radius: 30%;"
		,"class": "WHITE"
	}
	,{
		"text": "<span style=\"font-weight: bold;\">私の肝臓が<br/>充血してる?!</span><br/>うわっ…鬱血性<br/>肝障害？"
		,"style": "font-size: 16em;left: 77%;top: 48.8%;border-radius: 40%;"
		,"class": "WHITE"
	}
	,{
		"text": "医者を<br/>呼ばな<br/>いと…"
		,"style": "font-size: 14em;left: 84.5%;top: 58%;border-radius: 10%;"
		,"class": "WHITE"
	}
	,{
		"text": "いえ、冗談よ。<br/>男の人にある<br/>大きな肝臓って<br/>わかるでしょ？"
		,"style": "font-size: 14em;left: 9.5%;top: 71%;border-radius: 30%;"
		,"class": "WHITE"
	}
	,{
		"text": "<span style=\"font-size: 1.5em;\">とにかく</span><br/>ショーを<br/>始めます!!!"
		,"style": "font-size: 20em;left: 79.1766%;top: 86.1330%;width: 15.1551%;height: 9.9076%;border-radius: 35%;"
		,"class": "WHITE BOLD"
	}
]