[
	{
		"text": "OK…"
		,"style": "font-size: 20em;left: 9%;top: 7%;border-radius: 20%;"
		,"class": "WHITE"
	}
	,{
		"text": "これまで<br/>ずっと一緒<br/>だったよね、<br/>パンドラ…"
		,"style": "font-size: 16em;left: 24%;top: 5%;border-radius: 20%;"
		,"class": "WHITE"
	}
	,{
		"text": "でも<br/>僕と同じ位<br/>ヒトミを<br/>信じられるだろ"
		,"style": "font-size: 16em;left: 62%;top: 7.5%;border-radius: 10%;"
		,"class": "WHITE"
	}
	,{
		"text": "彼女はきっと<br/>君に素晴らしい<br/>服を作れる、<br/>それで臭わなく<br/>なるだろうし…"
		,"style": "font-size: 16em;left: 40%;top: 41.5%;border-radius: 10%;"
		,"class": "WHITE"
	}
	,{
		"text": "本の題：気弱な男達 チェスをプレイする 季刊"
		,"style": "font-size: 16em;color: black;left: 50%;top: 38.5%;border-radius: 0%;"
		,"class": ""
	}
	,{
		"text": "繊細な花達"
		,"style": "font-size: 16em;color: black;left: 35%;top: 66%;border-radius: 0%;"
		,"class": ""
	}
]