[
	{
		"text": "残念ながら、<br/>まだ何名か<br/>来ていない<br/>ようです…"
		,"style": "font-size: 16em;left: 33%;top: 18%;border-radius: 20%;"
		,"class": "WHITE"
	}
	,{
		"text": "ですがジラスの<br/>センチネル達は<br/>破壊管理の<br/>正確さ同様に<br/>時間厳守！"
		,"style": "font-size: 17em;left: 46.5%;top: 19.5%;border-radius: 30%;"
		,"class": "WHITE"
	}
	,{
		"text": "ファッション<br/>の饗宴を<br/>開始する！"
		,"style": "font-size: 16em;left: 80%;top: 23%;border-radius: 20%;"
		,"class": "WHITE BOLD"
	}
	,{
		"text": "最初の<br/>出演者は<br/>愛らしいミス<br/>エリノア"
		,"style": "font-size: 14em;left: 41%;top: 36%;border-radius: 20%;"
		,"class": "WHITE"
	}
	,{
		"text": "大胆な<br/>デザインのギガ<br/>ペトラゴン製の<br/>ダウンコー…"
		,"style": "font-size: 14em;left: 52%;top: 38.5%;border-radius: 20%;"
		,"class": "WHITE"
	}
	,{
		"text": "おっと"
		,"style": "font-size: 16em;left: 51.5%;top: 87%;border-radius: 20%;"
		,"class": "WHITE"
	}
	,{
		"text": "これは<br/>ファッショナブル<br/>では<span style=\"font-weight: bold;\">無いな</span>"
		,"style": "font-size: 14em;left: 73%;top: 90.5%;border-radius: 30%;"
		,"class": "WHITE"
	}
]