[
	{
		"text": "下品な<br/>野蛮人<br/>みたいに<br/>しないで!!"
		,"style": "font-size: 21em;left: 35.5%;top: 3%;border-radius: 30%;"
		,"class": "WHITE BOLD"
	}
	,{
		"text": "家族皆<br/>クソだ！"
		,"style": "font-size: 20em;left: 55%;top: 5.5%;width: 149px;border-radius: 40%;"
		,"class": "WHITE BOLD"
	}
	,{
		"text": "また<br/>か…"
		,"style": "font-size: 14em;left: 67.5%;top: 13%;border-radius: 30%;"
		,"class": "WHITE"
	}
	,{
		"text": "(後ろの会話:)フェリシティ、ダーリン、落ち着いて"
		,"style": "font-size: 16em;color: black;left: 9%;top: 45.8%;border-radius: 0%;"
		,"class": ""
	}
	,{
		"text": "引っ込んでて、パパ！"
		,"style": "font-size: 16em;color: black;left: 60%;top: 45.8%;border-radius: 0%;"
		,"class": ""
	}
	,{
		"text": "大丈夫よ、<br/>カズ、<br/>いきましょ"
		,"style": "font-size: 14em;left: 80.8%;top: 48%;border-radius: 20%;"
		,"class": "WHITE"
	}
	,{
		"text": "え？"
		,"style": "font-size: 18em;left: 81.0%;top: 60.2%;border-radius: 0%;"
		,"class": "WHITE"
	}
	,{
		"text": "何でバカげたTV番組観に戻らないんだ？"
		,"style": "font-size: 16em;color: black;left: 7%;top: 92.5%;border-radius: 0%;"
		,"class": ""
	}
	,{
		"text": "いくわよ<br/>パンドラ"
		,"style": "font-size: 16em;left: 33%;top: 71%;border-radius: 20%;"
		,"class": "WHITE"
	}
	,{
		"text": "エリアル！！お父さんを<br/>置きなさい！<br/>…食卓割るわよ！"
		,"style": "font-size: 16em;left: 45%;top: 92.5%;border-radius: 0%;"
		,"class": "WHITE"
	}
	,{
		"text": "食卓なんて屁だ！！<br/>お前に屁を…"
		,"style": "font-size: 16em;left: 72%;top: 92.5%;border-radius: 0%;"
		,"class": "WHITE"
	}
]