[
	{
		"text": "え…えっと<br/>そうね。<br/>巻き尺は<br/>どこかしら?"
		,"style": "font-size: 15em;left: 25%;top: 3.5%;border-radius: 20%;"
		,"class": "WHITE"
	}
	,{
		"text": "あたし<br/>お泊まり会<br/>初めてだわ"
		,"style": "font-size: 16em;left: 58%;top: 5%;border-radius: 20%;"
		,"class": "WHITE"
	}
	,{
		"text": "あたし友達<br/>いなかった<br/>から"
		,"style": "font-size: 14em;left: 69%;top: 8.5%;border-radius: 20%;"
		,"class": "WHITE"
	}
	,{
		"text": "“お泊まり<br/>会”？"
		,"style": "font-size: 16em;left: 80%;top: 5.3%;border-radius: 20%;"
		,"class": "WHITE"
	}
	,{
		"text": "きっと<br/>楽しいわよ<br/>パンドラ？"
		,"style": "font-size: 16em;left: 39.5%;top: 38%;border-radius: 20%;"
		,"class": "WHITE"
	}
	,{
		"text": "な…なるほど<br/>“徹夜”って<br/>そういう<br/>意味…"
		,"style": "font-size: 16em;left: 80.5%;top: 39.5%;border-radius: 30%;"
		,"class": "WHITE"
	}
	,{
		"text": "知らな<br/>かったから<br/>パンドラは<br/>歯ブラシも何も<br/>持ってなくて…"
		,"style": "font-size: 14em;left: 20%;top: 64%;border-radius: 30%;"
		,"class": "WHITE"
	}
	,{
		"text": "それで<br/>彼女は<br/>まだ…"
		,"style": "font-size: 16em;left: 33%;top: 69.5%;border-radius: 30%;"
		,"class": "WHITE"
	}
]