[
	{
		"text": "嫌いよね？<br/>超気味悪い<br/>でしょ…"
		,"style": "font-size: 16em;left: 20%;top: 5%;border-radius: 20%;"
		,"class": "WHITE"
	}
	,{
		"text": "まるで<br/>魔法だ！"
		,"style": "font-size: 19em;left: 38.5%;top: 4.5%;border-radius: 20%;"
		,"class": "WHITE"
	}
	,{
		"text": "君みたいだ、<br/>ヒトミ！<br/>ふわふわで<br/>キラキラして<br/>かわいくて…<br/>そして…"
		,"style": "font-size: 14em;left: 67%;top: 5%;border-radius: 30%;"
		,"class": "WHITE"
	}
	,{
		"text": "温かい"
		,"style": "font-size: 25em;left: 76.5%;top: 42%;border-radius: 20%;"
		,"class": "WHITE"
	}
	,{
		"text": "カズ…"
		,"style": "font-size: 16em;left: 29.5%;top: 70%;border-radius: 20%;"
		,"class": "WHITE"
	}
]