[
	{
		"text": "パンドラは<br/>服が必要…"
		,"style": "font-size: 16em;left: 11.5%;top: 5%;border-radius: 20%;"
		,"class": "WHITE"
	}
	,{
		"text": "ヒトミは<br/>ショーモデル<br/>が必要…"
		,"style": "font-size: 14em;left: 11.5%;top: 10%;border-radius: 20%;"
		,"class": "WHITE"
	}
	,{
		"text": "…あたしが?!"
		,"style": "font-size: 13em;left: 15.5%;top: 16%;transform: rotate(-10deg);border-radius: 20%;"
		,"class": "WHITE"
	}
	,{
		"text": "完璧!"
		,"style": "font-size: 32em;left: 37%;top: 6%;border-radius: 20%;"
		,"class": "WHITE"
	}
	,{
		"text": "お前の<br/>“完璧!”の<br/>定義かなり<br/>緩いな"
		,"style": "font-size: 15em;left: 53.5%;top: 19.5%;border-radius: 30%;"
		,"class": "WHITE"
	}
	,{
		"text": "<span style=\"font-weight: bold;\">無理。</span><br/>あたし<br/>出れない"
		,"style": "font-size: 15em;left: 67.7%;top: 6.2%;border-radius: 20%;"
		,"class": "WHITE"
	}
	,{
		"text": "君なら<br/>できる!"
		,"style": "font-size: 16em;left: 81%;top: 6.5%;border-radius: 20%;"
		,"class": "WHITE"
	}
	,{
		"text": "いじめっ子達に<br/>暴力なしの対決で<br/>誰がボスか示す<br/>絶好の機会だ！"
		,"style": "font-size: 15.1em;left: 10%;top: 35%;border-radius: 20%;"
		,"class": "WHITE"
	}
	,{
		"text": "こんな状況<br/>滅多に<br/>ないよ！"
		,"style": "font-size: 16em;left: 13%;top: 46%;border-radius: 20%;"
		,"class": "WHITE"
	}
	,{
		"text": "それに、君は<br/>世界一裁縫が<br/>上手いって事実<br/>僕は知ってる!"
		,"style": "font-size: 16em;left: 61%;top: 33.5%;border-radius: 20%;"
		,"class": "WHITE"
	}
	,{
		"text": "え…えぇ<br/>そんな<br/><span style=\"font-weight: bold;\">事実</span>知ら<br/>ないわ"
		,"style": "font-size: 13em;left: 88.0%;top: 50.5%;border-radius: 30%;"
		,"class": "WHITE"
	}
	,{
		"text": "ヒトミ…<br/>君は<span style=\"font-weight: bold;\">星だ</span>"
		,"style": "font-size: 23em;left: 25%;top: 62%;border-radius: 20%;"
		,"class": "WHITE"
	}
	,{
		"text": "君の光は<br/>まだ届いてない、<br/>でも輝く機会が<br/>なかっただけだ"
		,"style": "font-size: 17em;left: 55.6%;top: 61%;border-radius: 20%;"
		,"class": "WHITE"
	}
	,{
		"text": "僕は皆に君の<br/>素晴らしさを<br/>知って欲しい"
		,"style": "font-size: 17em;left: 60.8%;top: 71.5%;border-radius: 20%;"
		,"class": "WHITE"
	}
	,{
		"text": "僕は<span style=\"font-weight: bold;\">君に</span><br/>君自身の<br/>素晴らしさを<br/>知って欲しい"
		,"style": "font-size: 14em;left: 76.9%;top: 61%;border-radius: 20%;"
		,"class": "WHITE"
	}
]