[
	{
		"text": "いつも<br/>変なガラクタ<br/>送ってくる"
		,"style": "font-size: 15em;left: 55.4%;top: 11.7%;border-radius: 20%;"
		,"class": "WHITE"
	}
	,{
		"text": "ふむ？"
		,"style": "font-size: 16em;left: 82.5%;top: 57%;border-radius: 20%;"
		,"class": "WHITE"
	}
	,{
		"text": "ファッション<br/>雑誌？"
		,"style": "font-size: 16em;left: 9%;top: 79%;border-radius: 20%;"
		,"class": "WHITE"
	}
	,{
		"text": "へぇ。<br/>リザードマン語<br/>だな"
		,"style": "font-size: 14em;left: 74%;top: 79%;border-radius: 20%;"
		,"class": "WHITE"
	}
]