[
	{
		"text": "ふん!"
		,"style": "font-size: 16em;left: 30.2%;top: 24.8%;border-radius: 10%;"
		,"class": "WHITE BOLD"
	}
	,{
		"text": "うわ!"
		,"style": "font-size: 30em;left: 83%;top: 15%;border-radius: 20%;"
		,"class": "WHITE BOLD"
	}
	,{
		"text": "わぁ!"
		,"style": "font-size: 25em;left: 62.5%;top: 40%;border-radius: 20%;"
		,"class": "WHITE BOLD"
	}
	,{
		"text": "<span style=\"font-weight: bold;\">ラビ、<br/>このバカ!</span><br/>突っ立て１日中<br/>ファンを避けて<br/>られないの！"
		,"style": "font-size: 16em;left: 7%;top: 56%;border-radius: 30%;"
		,"class": "WHITE"
	}
	,{
		"text": "ファッション<br/>ショーに出場<br/>するの、忘れた!?<br/><span style=\"font-weight: bold;\">それが最優先よ!</span>"
		,"style": "font-size: 15em;left: 15%;top: 65.5%;height: 100px;border-radius: 30%;"
		,"class": "WHITE"
	}
	,{
		"text": "ああ<br/>うん…"
		,"style": "font-size: 16em;left: 77.5%;top: 69.5%;border-radius: 20%;"
		,"class": "WHITE"
	}
	,{
		"text": "この場合、<br/>オレは少し<br/>熱くなる<br/>べきだね"
		,"style": "font-size: 16em;left: 16.5%;top: 83.5%;border-radius: 20%;"
		,"class": "WHITE"
	}
]