[
	{
		"text": "笑いたければ<br/>どうぞ、ニモ、<br/><span style=\"font-weight: bold;\">でも君が<br/>クイズ部に<br/>いた頃のこと<br/>覚えてるよ</span>"
		,"style": "font-size: 15em;left: 32.4%;top: 2%;border-radius: 20%;"
		,"class": "WHITE"
	}
	,{
		"text": "君が<br/><span style=\"font-weight: bold;\">追放<br/>される<br/>前ね…</span>"
		,"style": "font-size: 16em;color: black;background-color: #c1c1c1;left: 38.9%;top: 14%;width: 57px;height:94px;border-radius: 20%;"
		,"class": ""
	}
	,{
		"text": "あの無知共は<br/>オレをズル呼ばわり<br/>しやがったんだよ<br/>オレが百科事典並の<br/>知識を持ってるのも<br/>見抜けなかった！"
		,"style": "font-size: 17em;left: 51%;top: 4.5%;border-radius: 30%;"
		,"class": "WHITE BOLD"
	}
	,{
		"text": "それで<br/>僕の話し方<br/>いびる？"
		,"style": "font-size: 16em;left: 50.5%;top: 19%;border-radius: 20%;"
		,"class": "WHITE"
	}
	,{
		"text": "部が無い奴の<br/>話といえば、<br/>パンドラは<br/>どうする?"
		,"style": "font-size: 16em;left: 10.9%;top: 33.7%;border-radius: 20%;"
		,"class": "WHITE"
	}
	,{
		"text": "エッグスクラム<br/>がよさそうだ、<br/><span style=\"font-weight: bold;\">お淑やかだし</span>"
		,"style": "font-size: 16em;left: 26%;top: 34.5%;border-radius: 20%;"
		,"class": "WHITE"
	}
	,{
		"text": "おいおい、<br/>冗談だろ…"
		,"style": "font-size: 16em;left: 65.8%;top: 50%;border-radius: 20%;"
		,"class": "WHITE"
	}
	,{
		"text": "あっ、<br/>やぁ<br/>ヒトミ"
		,"style": "font-size: 14em;left: 10.2%;top: 60%;border-radius: 20%;"
		,"class": "WHITE"
	}
	,{
		"text": "君は<br/>ファッ<br/>ション<br/>部？"
		,"style": "font-size: 14em;left: 17.5%;top: 62.2%;border-radius: 20%;"
		,"class": "WHITE"
	}
	,{
		"text": "い…<br/>いえ…"
		,"style": "font-size: 14em;left: 29.2%;top: 65%;border-radius: 30%;"
		,"class": "WHITE"
	}
	,{
		"text": "どうして？<br/>裁縫得意で<br/>いつも<br/>素敵な服<br/>なのに"
		,"style": "font-size: 16em;left: 38.2%;top: 61.2%;border-radius: 20%;"
		,"class": "WHITE"
	}
	,{
		"text": "そ…<br/>そう？"
		,"style": "font-size: 16em;left: 64%;top: 61.5%;border-radius: 20%;"
		,"class": "WHITE BOLD"
	}
	,{
		"text": "君の<br/>ため<br/>よ…"
		,"style": "font-size: 14em;left: 69.9%;top: 64.5%;border-radius: 20%;"
		,"class": "WHITE"
	}
	,{
		"text": "あ…あたし<br/>部長と仲良く<br/>できなさ<br/>そうで"
		,"style": "font-size: 16em;left: 38%;top: 80.3%;border-radius: 20%;"
		,"class": "WHITE"
	}
	,{
		"text": "彼女…"
		,"style": "font-size: 16em;left: 80%;top: 64.5%;border-radius: 20%;"
		,"class": "WHITE"
	}
]