[
	{
		"text": "バカな怒りを<br/>冷ましなよ<br/>とにかく２人共<br/>落ち着いて？"
		,"style": "font-size: 16em;left: 6%;top: 5%;border-radius: 30%;"
		,"class": "WHITE"
	}
	,{
		"text": "週末には<br/>解決してるし<br/>代役探しても<br/>いいわ"
		,"style": "font-size: 16em;left: 29.5%;top: 4%;border-radius: 20%;"
		,"class": "WHITE"
	}
	,{
		"text": "週末？<br/>そんな、<br/>滅相もないよ"
		,"style": "font-size: 16em;left: 54%;top: 4%;border-radius: 20%;"
		,"class": "WHITE"
	}
	,{
		"text": "試合は<br/>３時間後だよ"
		,"style": "font-size: 16em;left: 77.5%;top: 25%;border-radius: 20%;"
		,"class": "WHITE"
	}
	,{
		"text": "何だって～～～～～～～～？!"
		,"style": "font-size: 53em;left: 4.5%;top: 33%;border-radius: 10%;"
		,"class": "WHITE BOLD"
	}
	,{
		"text": "いかにも！"
		,"style": "font-size: 28em;left: 10.5%;top: 64%;border-radius: 20%;"
		,"class": "WHITE BOLD"
	}
	,{
		"text": "進め、我が受胎の<br/><ruby>百人隊長<rp>(</rp><rt>センチュリオン</rt><rp>)</rp></ruby>達…<br/>誕生<br/>アリーナへ！"
		,"style": "font-size: 17em;left: 69%;top: 74%;border-radius: 20%;"
		,"class": "WHITE BOLD"
	}
	,{
		"text": "何だって～～～～～～～～?!!"
		,"style": "font-size: 53em;left: 5.5%;top: 88.2%;border-radius: 10%;"
		,"class": "WHITE BOLD"
	}
]