[
	{
		"text": "気が<br/>変わって<br/>くれたね<br/>やっぱり…"
		,"style": "font-size: 15em;left: 45.7%;top: 16%;border-radius: 20%;"
		,"class": "WHITE"
	}
	,{
		"text": "…<br/>いえ"
		,"style": "font-size: 16em;left: 27%;top: 37%;border-radius: 20%;"
		,"class": "WHITE"
	}
	,{
		"text": "私はただ<br/>超カッコいい<br/>だけよ"
		,"style": "font-size: 14em;left: 78%;top: 41%;border-radius: 20%;"
		,"class": "WHITE"
	}
	,{
		"text": "よし、<br/>ナイトメアズは<br/>交代したようだ！<br/>新選手が新たな<br/>人食いでは<br/>ないことを<br/>望みます"
		,"style": "font-size: 14em;left: 22.5%;top: 53%;border-radius: 30%;"
		,"class": "WHITE"
	}
	,{
		"text": "いずれにせよ<br/>インフェルノズ<br/>が卵を<br/>持っている"
		,"style": "font-size: 14em;left: 38.5%;top: 56.5%;border-radius: 20%;"
		,"class": "WHITE"
	}
]