[
	{
		"text": "来た<br/>わよ！"
		,"style": "font-size: 20em;left: 27%;top: 4.5%;border-radius: 20%;"
		,"class": "WHITE BOLD"
	}
	,{
		"text": "あと、<br/>時間守るの<br/>なんて<br/><span style=\"font-weight: bold;\">老人だけよ!</span>"
		,"style": "font-size: 16em;left: 35.6%;top: 6%;border-radius: 20%;"
		,"class": "WHITE"
	}
	,{
		"text": "時間を<br/>気にしだすのは<br/>老い先短い<br/>証拠！"
		,"style": "font-size: 16em;left: 79%;top: 6.5%;border-radius: 10%;"
		,"class": "WHITE"
	}
	,{
		"text": "ところで…、<br/>その…<br/>なぜ<br/><span style=\"font-weight: bold;\">ハズマット<br/>スーツ？</span>"
		,"style": "font-size: 16em;left: 10.5%;top: 38.5%;border-radius: 20%;"
		,"class": "WHITE"
	}
	,{
		"text": "その箱の<br/>輸送中に<br/><span style=\"font-weight: bold;\">放射線漏れ</span><br/>起こしてない<br/>ですよね？"
		,"style": "font-size: 16em;left: 23.3%;top: 41.5%;border-radius: 20%;"
		,"class": "WHITE"
	}
	,{
		"text": "笑ってます?<br/>お願いですから<br/>無害な冗談の<br/>良識ある笑いで、<br/>俺達を殺す気はない<br/>と言って下さい"
		,"style": "font-size: 14em;left: 10%;top: 59.6%;border-radius: 20%;"
		,"class": "WHITE"
	}
	,{
		"text": "許して頂戴、<br/>これ以上<br/>不安にさせるべき<br/>じゃないわね"
		,"style": "font-size: 14em;left: 51.5%;top: 61.5%;border-radius: 20%;"
		,"class": "WHITE"
	}
]