[
	{
		"text": "OK、<br/>処理する事が<br/>沢山ある"
		,"style": "font-size: 15em;left: 11%;top: 8%;border-radius: 20%;"
		,"class": "WHITE"
	}
	,{
		"text": "卵は無傷で、<br/>ナイトメアズは<br/>凄惨な罰は無し。<br/>ゴールで4点だが<br/>卵食いダンスで<br/>-6点…"
		,"style": "font-size: 14em;left: 47%;top: 9%;width: 121px;border-radius: 20%;"
		,"class": "WHITE"
	}
	,{
		"text": "…つまり<br/>最後のゴールで<br/>２失点。<br/>そして選手１名が<br/>謎の失踪、<br/>だから選手交代を<br/>するか…"
		,"style": "font-size: 14em;left: 60%;top: 15.5%;border-radius: 20%;"
		,"class": "WHITE"
	}
	,{
		"text": "タイムア～～ウト！"
		,"style": "font-size: 30em;left: 9%;top: 38%;border-radius: 20%;"
		,"class": "WHITE BOLD"
	}
	,{
		"text": "ああ!"
		,"style": "font-size: 16em;left: 10.5%;top: 50%;border-radius: 20%;"
		,"class": "WHITE"
	}
	,{
		"text": "つまり、<br/>そう…<br/>交代だ"
		,"style": "font-size: 16em;left: 11%;top: 53%;border-radius: 20%;"
		,"class": "WHITE"
	}
	,{
		"text": "よし、まだ<br/>チャンスは<br/>ある。<br/>誰が…"
		,"style": "font-size: 14em;left: 18%;top: 55%;border-radius: 30%;"
		,"class": "WHITE"
	}
	,{
		"text": "カズゥゥ…"
		,"style": "font-size: 16em;left: 48.5%;top: 79%;border-radius: 20%;"
		,"class": "WHITE"
	}
	,{
		"text": "僕…<br/>僕の番<br/>かな"
		,"style": "font-size: 16em;left: 77.5%;top: 54%;border-radius: 30%;"
		,"class": "WHITE"
	}
]