[
	{
		"text": "奴を<br/>止めろ<br/>!!"
		,"style": "font-size: 12em;left: 52%;top: 3%;border-radius: 40%;"
		,"class": "WHITE"
	}
	,{
		"text": "吐け!!"
		,"style": "font-size: 16em;left: 58%;top: 5.2%;border-radius: 20%;"
		,"class": "WHITE"
	}
	,{
		"text": "起きて、<br/>キッド！"
		,"style": "font-size: 16em;left: 43%;top: 26%;border-radius: 20%;"
		,"class": "WHITE BOLD"
	}
	,{
		"text": "来て。<br/>急いで！"
		,"style": "font-size: 18em;left: 48.5%;top: 32.5%;border-radius: 20%;"
		,"class": "WHITE BOLD"
	}
	,{
		"text": "ん…?"
		,"style": "font-size: 16em;left: 83.5%;top: 28%;border-radius: 20%;"
		,"class": "WHITE"
	}
	,{
		"text": "怖がら<br/>ないで"
		,"style": "font-size: 20em;left: 31%;top: 50%;border-radius: 20%;"
		,"class": "WHITE BOLD"
	}
	,{
		"text": "君を<br/>救いに<br/>来た！"
		,"style": "font-size: 20em;left: 38%;top: 58%;width: 80px;border-radius: 20%;"
		,"class": "WHITE BOLD"
	}
]