[
	{
		"text": "OK、<br/>まず第一<br/>にだな…"
		,"style": "font-size: 16em;left: 80%;top: 6%;border-radius: 20%;"
		,"class": "WHITE"
	}
	,{
		"text": "来て<br/>るよ!"
		,"style": "font-size: 33em;left: 39%;top: 35%;border-radius: 20%;"
		,"class": "WHITE BOLD"
	}
	,{
		"text": "あぐっ!"
		,"style": "font-size: 16em;left: 41.5%;top: 54%;border-radius: 20%;"
		,"class": "WHITE BOLD"
	}
	,{
		"text": "しっっ<br/>れぇぇい"
		,"style": "font-size: 14em;left: 33%;top: 67.5%;border-radius: 20%;"
		,"class": "WHITE"
	}
	,{
		"text": "いや…"
		,"style": "font-size: 16em;left: 84.5%;top: 81%;border-radius: 20%;"
		,"class": "WHITE"
	}
	,{
		"text": "まだだ…!"
		,"style": "font-size: 16em;left: 88.5%;top: 86.5%;border-radius: 20%;"
		,"class": "WHITE"
	}
]