[
	{
		"text": "“チャーリー”<br/>は知らんが<br/>俺達は援護する<br/>パンドラ"
		,"style": "font-size: 14em;left: 12%;top: 3%;border-radius: 20%;"
		,"class": "WHITE"
	}
	,{
		"text": "まぁ…<br/>言っても<br/>しょうが<br/>ねぇが"
		,"style": "font-size: 14em;left: 25%;top: 3.7%;border-radius: 30%;"
		,"class": "WHITE"
	}
	,{
		"text": "おや、ごめん<br/>邪魔かな？<br/>景色を<br/>楽しみな"
		,"style": "font-size: 14em;left: 85%;top: 47.8%;border-radius: 40%;"
		,"class": "WHITE"
	}
	,{
		"text": "お前から<br/>引っこ抜く!!!"
		,"style": "font-size: 14em;left: 54%;top: 70.5%;border-radius: 20%;"
		,"class": "WHITE BOLD"
	}
]