[
	{
		"text": "<span style=\"font-weight: bold;\">ジャ～～ン!</span><br/>中身は<br/>美女<br/>でした！"
		,"style": "font-size: 16em;left: 33%;top: 5.5%;border-radius: 20%;"
		,"class": "WHITE"
	}
	,{
		"text": "皆あなたは<br/>美しいって<br/>知ってますよ<br/>メティア"
		,"style": "font-size: 13em;left: 52%;top: 31.5%;border-radius: 20%;"
		,"class": "WHITE"
	}
	,{
		"text": "“貴婦人”って<br/><span style=\"font-weight: bold;\">あなたは</span><br/>呼んでよ、<br/>ストラツィオ!"
		,"style": "font-size: 14em;left: 78%;top: 6%;border-radius: 20%;"
		,"class": "WHITE"
	}
	,{
		"text": "はうぅぅぅ!<br/>メイメイ、<br/>アイシャドウ<br/>かわいいよぉ！<br/><span style=\"font-weight: bold;\">チューして!</span>"
		,"style": "font-size: 16em;left: 31%;top: 41%;border-radius: 30%;"
		,"class": "WHITE"
	}
	,{
		"text": "ピアは<br/>“メイメイ”<br/>なのに俺は<br/>“貴婦人”？"
		,"style": "font-size: 14em;left: 49%;top: 41.5%;border-radius: 40%;"
		,"class": "WHITE"
	}
	,{
		"text": "見ての通り<br/>ワシは確かに<br/>墓場に片足<br/>突っ込んどるが<br/>聞くぞ…"
		,"style": "font-size: 15em;left: 10%;top: 64%;border-radius: 30%;"
		,"class": "WHITE"
	}
	,{
		"text": "箱の<br/>中身は<br/>何だ？"
		,"style": "font-size: 20em;left: 49.5%;top: 67.5%;border-radius: 20%;"
		,"class": "WHITE"
	}
	,{
		"text": "兵器<br/>ですかね?"
		,"style": "font-size: 16em;left: 80%;top: 68.5%;border-radius: 20%;"
		,"class": "WHITE"
	}
	,{
		"text": "カップ<br/>ケーキかな?"
		,"style": "font-size: 15em;left: 64%;top: 84.5%;border-radius: 20%;"
		,"class": "WHITE"
	}
]