[
	{
		"text": "さらに<br/>10点だ<br/>インフェルノズ!"
		,"style": "font-size: 16em;left: 11.5%;top: 8%;border-radius: 20%;"
		,"class": "WHITE BOLD"
	}
	,{
		"text": "さらに<br/>追加得点だ!"
		,"style": "font-size: 16em;left: 48%;top: 14%;border-radius: 20%;"
		,"class": "WHITE BOLD"
	}
	,{
		"text": "インター<br/>セプション！"
		,"style": "font-size: 18em;left: 72.5%;top: 23.5%;border-radius: 20%;"
		,"class": "WHITE BOLD"
	}
	,{
		"text": "素早い<br/>反撃により<br/>さらに完璧な<br/>10点だ！"
		,"style": "font-size: 16em;left: 64.4%;top: 42%;border-radius: 20%;"
		,"class": "WHITE BOLD"
	}
	,{
		"text": "イン<br/>フェル<br/>ノズ！"
		,"style": "font-size: 16em;left: 8%;top: 48%;border-radius: 20%;"
		,"class": "WHITE BOLD"
	}
	,{
		"text": "イン<br/>フェル<br/>ノズ！"
		,"style": "font-size: 12em;left: 35%;top: 41%;border-radius: 20%;"
		,"class": "WHITE BOLD"
	}
	,{
		"text": "イン<br/>フェル<br/>ノズ！"
		,"style": "font-size: 12em;left: 45%;top: 43.5%;border-radius: 20%;"
		,"class": "WHITE BOLD"
	}
	,{
		"text": "また<br/>得点だ！"
		,"style": "font-size: 16em;left: 36%;top: 54%;border-radius: 20%;"
		,"class": "WHITE BOLD"
	}
	,{
		"text": "さらに<br/>得点！"
		,"style": "font-size: 25em;left: 76%;top: 75%;border-radius: 20%;"
		,"class": "WHITE BOLD"
	}
]