[
	{
		"text": "み・み・見ろよ、ヨォ！<br/>き・き・競技場の<br/>チャンシーのお喋り！"
		,"style": "font-size: 16em;left: 44%;top: 7.5%;width: 230px;border-radius: 10%;z-index: 1;"
		,"class": "WHITE BOLD"
	}
	,{
		"text": "この最も壮大な試合の<br/>アナウンサーが俺だ！"
		,"style": "font-size: 16em;left: 64.5%;top: 12%;width: 190px;height: 80px;display: flex;align-items: center;justify-content: center;border-radius: 20%;"
		,"class": "WHITE BOLD"
	}
	,{
		"text": "我らが屈強な<br/>戦士達が出場だ、<br/>新たな<br/>ゾマ・ゴラモスの<br/>誕生を記念して、<br/>比喩的な剣を掲げる!"
		,"style": "font-size: 16em;left: 69%;top: 27%;border-radius: 20%;"
		,"class": "WHITE BOLD"
	}
	,{
		"text": "紳士淑女の皆、<br/>誕生アリーナへ<br/>スカーレット クラウン<br/>インフェルノズと<br/>ヘムロック ハート<br/>ナイトメアズの<br/>歓迎頼むぜ!"
		,"style": "font-size: 14em;left: 35%;top: 49.5%;width: 214px;border-radius: 20%;"
		,"class": "WHITE BOLD"
	}
]