[
	{
		"text": "あの小さな子と<br/>この世界で<br/>共にいる。<br/>それが私達の<br/>誓いよ"
		,"style": "font-size: 14em;left: 11%;top: 6%;border-radius: 20%;"
		,"class": "WHITE"
	}
	,{
		"text": "それは<br/>アスモディア<br/>の望みでも<br/>あった"
		,"style": "font-size: 14em;left: 66%;top: 5%;border-radius: 20%;"
		,"class": "WHITE"
	}
	,{
		"text": "アスモディア<br/>の望みは<br/><span style=\"font-weight: bold;\">敵の粉砕だ!</span>"
		,"style": "font-size: 22em;left: 45.3%;top: 31.8%;border-radius: 20%;"
		,"class": "WHITE"
	}
	,{
		"text": "えぇ…"
		,"style": "font-size: 15em;color: black;background-color: #b3b3b3;left: 64%;top: 33%;transform: rotate(-25deg);border-radius: 20%;"
		,"class": ""
	}
	,{
		"text": "インフェルノズ<br/>はアスモディア<br/>の交代を選択、<br/>だがこの構成で<br/>彼女が同じ<br/>役割をできるか<br/>疑問で…"
		,"style": "font-size: 15em;left: 81.3%;top: 32.8%;border-radius: 30%;"
		,"class": "WHITE BOLD"
	}
	,{
		"text": "誰も<br/>アスモディア<br/>の代わりは<br/>できない！"
		,"style": "font-size: 14em;left: 83%;top: 48%;border-radius: 20%;"
		,"class": "WHITE BOLD"
	}
	,{
		"text": "おれの<br/>役割は…"
		,"style": "font-size: 16em;left: 81%;top: 63%;border-radius: 20%;"
		,"class": "WHITE BOLD"
	}
	,{
		"text": "復讐だ"
		,"style": "font-size: 25em;left: 80%;top: 68.5%;width: 135px;border-radius: 20%;"
		,"class": "WHITE BOLD"
	}
	,{
		"text": "じ…充分<br/>そうだ"
		,"style": "font-size: 16em;left: 43%;top: 72.2%;border-radius: 20%;"
		,"class": "WHITE BOLD"
	}
	,{
		"text": "ナイトメアズ<br/>ですが、控え選手が<br/>いないとの情報です。<br/>残念ながら、それは<br/>あの人食い生徒が<br/>試合が終了し、<br/>即座に警察に<br/>護送されるまで<br/>競技を続けることを<br/>意味します"
		,"style": "font-size: 14em;left: 40%;top: 77%;width: 152px;border-radius: 20%;"
		,"class": "WHITE BOLD"
	}
	,{
		"text": "弱い慰め<br/>ですが、卵は<br/>インフェルノズ<br/>に行きます"
		,"style": "font-size: 16em;left: 82%;top: 84%;border-radius: 30%;"
		,"class": "WHITE BOLD"
	}
]