[
	{
		"text": "ルール<br/>知らないの?<br/><span style=\"font-weight: bold;\">誰も</span>ルール<br/>知らない?"
		,"style": "font-size: 16em;left: 11.5%;top: 3%;border-radius: 20%;"
		,"class": "WHITE"
	}
	,{
		"text": "OK、OK…<br/>試合は数分後だが<br/>目的は卵を<br/>フィールドの<br/>端から逆の端へ<br/>運ぶことだ"
		,"style": "font-size: 16em;left: 41%;top: 30.0%;border-radius: 30%;"
		,"class": "WHITE"
	}
	,{
		"text": "相手チームが<br/>阻止してくる。<br/>タックルで<br/>卵がチームを<br/>移る"
		,"style": "font-size: 16em;left:59%;top: 31%;border-radius: 30%;"
		,"class": "WHITE"
	}
	,{
		"text": "細かい事は<br/>重要じゃない…"
		,"style": "font-size: 16em;color: black;background-color: #e1e1e1;left: 73.5%;top: 35.8%;transform: rotate(-10deg);border-radius: 10%;"
		,"class": ""
	}
	,{
		"text": "見よ、シンプルだ！"
		,"style": "font-size: 30em;left: 58%;top: 52%;transform: rotate(7deg);border-radius: 20%;"
		,"class": "WHITE"
	}
	,{
		"text": "フィールドの端に<br/>卵を持っていって<br/>ゴールした時、<br/>少しダンスして…"
		,"style": "font-size: 16em;left: 11%;top: 63%;border-radius: 20%;"
		,"class": "WHITE"
	}
	,{
		"text": "神聖な<br/>裁定の巣の<br/>頂きから見てる<br/>崇高なる<br/>ゾマ・ゴラモスに<br/>武勇を示すんだ!"
		,"style": "font-size: 16em;left: 28.5%;top: 64.5%;border-radius: 20%;"
		,"class": "WHITE"
	}
	,{
		"text": "そこは<br/>心配<br/>いらない"
		,"style": "font-size: 16em;left: 49%;top: 78%;border-radius: 20%;"
		,"class": "WHITE"
	}
	,{
		"text": "ただとにかく<br/>ドレイクに<br/>卵渡せば<br/>何とかする"
		,"style": "font-size: 16em;left: 65%;top: 77.5%;border-radius: 20%;"
		,"class": "WHITE"
	}
]