[
	{
		"text": "アスモディア<br/>のために！"
		,"style": "font-size: 16em;left: 75%;top: 7%;border-radius: 20%;"
		,"class": "WHITE BOLD"
	}
	,{
		"text": "決定的な<br/>10点<br/>ゴール！"
		,"style": "font-size: 16em;left: 54%;top: 64.5%;border-radius: 20%;"
		,"class": "WHITE BOLD"
	}
	,{
		"text": "ナイトメアズ<br/>に時間を<br/>あげましょう…<br/>その…芝生から<br/>引き剥がす<br/>ために"
		,"style": "font-size: 14em;left: 63%;top: 67%;border-radius: 20%;"
		,"class": "WHITE BOLD"
	}
]