[
	{
		"text": "導く角と<br/>守る翼と共に"
		,"style": "font-size: 16em;color: red;background-color: black;left: 43.9%;top: 3.62%;width: 137px;height: 60px;border-radius: 0%;"
		,"class": ""
	}
	,{
		"text": "我らは道を確かに照らす"
		,"style": "font-size: 16em;color: red;background-color: black;left: 41.4%;top: 8%;width: 190px;height: 34px;border-radius: 0%;"
		,"class": ""
	}
	,{
		"text": "我らの忠義と勇気は<br/>一日たりとも挫けない"
		,"style": "font-size: 16em;color: red;background-color: black;left: 42.3%;top: 12.5%;width: 166px;height: 64px;border-radius: 0%;"
		,"class": ""
	}
	,{
		"text": "我らの言葉を全土の悪魔へ"
		,"style": "font-size: 16em;color: red;background-color: black;left: 38.5%;top: 82.5%;width: 239px;height: 34px;border-radius: 0%;"
		,"class": ""
	}
	,{
		"text": "鳴り響かせ真とする"
		,"style": "font-size: 16em;color: red;background-color: black;left: 42.4%;top: 85%;width: 173px;height: 28px;border-radius: 0%;"
		,"class": ""
	}
	,{
		"text": "我らがスカーレット<br/>・クラウン、<br/>我らが輝く誇り、"
		,"style": "font-size: 16em;color: red;background-color: black;left: 43.6%;top: 88.5%;width: 147px;height: 65px;border-radius: 0%;"
		,"class": ""
	}
	,{
		"text": "我らがどこにあろうとも"
		,"style": "font-size: 16em;color: red;background-color: black;left: 41.71%;top: 93.79%;width: 22.67%;height: 2.77%;border-radius: 0%;"
		,"class": ""
	}
]