[
	{
		"text": "彼女を返せ<br/>デカ毛皮の<br/>ろくでなし!"
		,"style": "font-size: 16em;left: 23%;top: 7%;border-radius: 20%;"
		,"class": "WHITE BOLD"
	}
	,{
		"text": "ゲップ"
		,"style": "font-size: 17em;left: 23.8%;top: 18.2%;border-radius: 10%;"
		,"class": "WHITE BOLD"
	}
	,{
		"text": "ゾマは仰る！<br/>試合を<br/>続けよと！<br/>控えを出せ！"
		,"style": "font-size: 16em;left: 65%;top: 76%;height: 108px;display: flex;flex-direction: column;align-items: center;justify-content: center;border-radius: 20%;"
		,"class": "WHITE BOLD"
	}
]