[
	{
		"text": "ナイトメアズ<br/>は服従を拒否、<br/>だが勝利への道は<br/>ないようだ。<br/>残念だが、卵は<br/>まだ孵化の兆候を<br/>見せない"
		,"style": "font-size: 14em;left: 28.5%;top: 9%;border-radius: 20%;"
		,"class": "WHITE"
	}
	,{
		"text": "ご覧の醜態<br/>ですが、私は強く<br/>非難できません。<br/>誰がこれが成長に<br/>負の影響があると<br/>わかるでしょうか?"
		,"style": "font-size: 14em;left: 38%;top: 19%;border-radius: 20%;"
		,"class": "WHITE"
	}
	,{
		"text": "タ…<br/>タイム<br/>アウト!"
		,"style": "font-size: 14em;left: 88%;top: 17%;border-radius: 20%;"
		,"class": "WHITE BOLD"
	}
	,{
		"text": "ナイトメアズの<br/>タイムアウト要請<br/>慈悲に思えるが、<br/>何が好転するのか<br/>現時点では<br/>想像できません"
		,"style": "font-size: 14em;left: 16%;top: 42%;border-radius: 20%;"
		,"class": "WHITE"
	}
	,{
		"text": "エッグ<br/>スクラムは<br/><span style=\"font-weight: bold;\">手が</span>必要<br/>か…"
		,"style": "font-size: 14em;left: 80%;top: 54%;border-radius: 320%;"
		,"class": "WHITE"
	}
	,{
		"text": "パンドラ…"
		,"style": "font-size: 16em;left: 62%;top: 70%;border-radius: 20%;"
		,"class": "WHITE"
	}
]