[
	{
		"text": "両チームとも<br/>卵の落下の<br/>競争を制するために<br/>塔を作るだろう"
		,"style": "font-size: 16em;left: 11.8%;top: 59%;border-radius: 20%;"
		,"class": "WHITE BOLD"
	}
	,{
		"text": "クラスB高校ルールに<br/>従い、選手達は地面から<br/><ruby>約３ｍ<rp>(</rp><rt>10フィート</rt><rp>)</rp></ruby>以上の<br/>飛行は禁止。<br/>投擲の高度制限は無し"
		,"style": "font-size: 16em;left: 19%;top: 67%;border-radius: 20%;"
		,"class": "WHITE BOLD"
	}
	,{
		"text": "いつも通り、<br/>試合の継続は<br/>卵の孵化まで<br/>…"
		,"style": "font-size: 17em;left: 74.2%;top: 72%;border-radius: 20%;"
		,"class": "WHITE BOLD"
	}
	,{
		"text": "…または<br/>選手全員が<br/>死ぬまでだ"
		,"style": "font-size: 20em;left: 72%;top: 82%;border-radius: 20%;"
		,"class": "WHITE BOLD"
	}
]