[
	{
		"text": "んふ!"
		,"style": "font-size: 16em;left: 59.5%;top: 45%;border-radius: 20%;"
		,"class": "WHITE BOLD"
	}
	,{
		"text": "で、小さな<br/>裏切者、<br/>除け者学校で<br/>デーモンの<br/>お前は何?"
		,"style": "font-size: 16em;left: 13%;top: 57.5%;border-radius: 20%;"
		,"class": "WHITE"
	}
	,{
		"text": "障害か<br/>何かあるの?<br/>脳損傷?"
		,"style": "font-size: 16em;left: 26%;top: 59.6%;border-radius: 20%;"
		,"class": "WHITE"
	}
	,{
		"text": "ぼ…"
		,"style": "font-size: 16em;left: 61%;top: 74.5%;border-radius: 20%;"
		,"class": "WHITE"
	}
	,{
		"text": "ぼくは<br/>遠い国の<br/>プリンスさ、<br/>庶民の中で<br/>暮らしに来…"
		,"style": "font-size: 14.5em;left: 83%;top: 57%;border-radius: 20%;"
		,"class": "WHITE"
	}
	,{
		"text": "はい。<br/>脳損傷と"
		,"style": "font-size: 16em;left: 79%;top: 81%;border-radius: 20%;"
		,"class": "WHITE"
	}
	,{
		"text": "あぐ!"
		,"style": "font-size: 15em;left: 79%;top: 90%;border-radius: 10%;"
		,"class": "WHITE BOLD"
	}
]