[
	{
		"text": "マイロ?"
		,"style": "font-size: 15em;left: 13%;top: 5%;border-radius: 0%;"
		,"class": "WHITE BOLD"
	}
	,{
		"text": "えっと…<br/>家にいる?<br/>なんで<br/>暗いの…?"
		,"style": "font-size: 15em;left: 13.5%;top: 20%;border-radius: 0%;"
		,"class": "WHITE"
	}
	,{
		"text": "ねぇ??"
		,"style": "font-size: 17em;left: 61%;top: 4.5%;border-radius: 0%;"
		,"class": "WHITE"
	}
	,{
		"text": "うあっ!"
		,"style": "font-size: 16em;left: 77.5%;top: 4%;border-radius: 0%;"
		,"class": "WHITE BOLD"
	}
	,{
		"text": "マイロ!!"
		,"style": "font-size: 18em;left: 62%;top: 33%;border-radius: 0%;"
		,"class": "WHITE BOLD"
	}
	,{
		"text": "グー……"
		,"style": "font-size: 16em;left: 12%;top: 53%;border-radius: 0%;"
		,"class": "WHITE"
	}
	,{
		"text": "ふぅ…"
		,"style": "font-size: 16em;color: white;background-color: black;left: 35.4%;top: 76%;border-radius: 0%;"
		,"class": ""
	}
	,{
		"text": "よかった。<br/>ここに<br/>いたんだ"
		,"style": "font-size: 15em;left: 48%;top: 82.5%;border-radius: 0%;"
		,"class": "WHITE"
	}
	,{
		"text": "死んでない。<br/>それで<br/>十分だよ"
		,"style": "font-size: 14em;left: 48.5%;top: 89%;border-radius: 0%;"
		,"class": "WHITE"
	}
	,{
		"text": "マーク<br/>と話せば<br/>全部分かる<br/>よね"
		,"style": "font-size: 14em;left: 84.5%;top: 71%;border-radius: 0%;"
		,"class": "WHITE"
	}
	,{
		"text": "誰…？"
		,"style": "font-size: 16em;left: 65%;top: 82.5%;border-radius: 0%;"
		,"class": "WHITE"
	}
	,{
		"text": "シーッ"
		,"style": "font-size: 13em;left: 88.3%;top: 82.2%;border-radius: 0%;"
		,"class": "WHITE"
	}
]