[
	{
		"text": "とんがり帽子の<br/>女の子、オレの<br/>とんがり帽子の<br/>クィーン、君は<br/>帽子雑誌の<br/>表紙を飾る"
		,"style": "font-size: 14em;left: 35%;top: 5%;border-radius: 0%;"
		,"class": "WHITE"
	}
	,{
		"text": "そして本には<br/>セクシーな女の子<br/>がいっぱい…"
		,"style": "font-size: 14em;left: 48%;top: 9%;border-radius: 0%;"
		,"class": "WHITE"
	}
	,{
		"text": "なぜ君はオレに<br/>とんがり帽子<br/>の旋風を<br/>くれないのか?"
		,"style": "font-size: 12em;left: 65.5%;top: 23%;border-radius: 0%;"
		,"class": "WHITE"
	}
	,{
		"text": "彼はギターひけるの?！"
		,"style": "font-size: 16em;left: 28%;top: 38.5%;border-radius: 0%;"
		,"class": "WHITE"
	}
	,{
		"text": "すごいや"
		,"style": "font-size: 17em;left: 45%;top: 42.8%;border-radius: 0%;"
		,"class": "WHITE"
	}
	,{
		"text": "これは<br/>ヒドい"
		,"style": "font-size: 22em;left: 50%;top: 45.5%;border-radius: 0%;"
		,"class": "WHITE BOLD"
	}
	,{
		"text": "ぼくは演劇部と<br/>議論してたの<br/>奴らぼくの役の幅が<br/>狭いって言うから。<br/>だから、ぼくは最初<br/>あんな衣装<br/>着てたの…"
		,"style": "font-size: 14em;left: 11%;top: 56%;border-radius: 0%;"
		,"class": "WHITE"
	}
	,{
		"text": "証明する<br/>ために！"
		,"style": "font-size: 19em;left: 27%;top: 60%;border-radius: 0%;"
		,"class": "WHITE BOLD"
	}
	,{
		"text": "それに食物が<br/>無かったから<br/>凍った野菜<br/>食べるしか<br/>なかったの！"
		,"style": "font-size: 16em;left: 41%;top: 59%;border-radius: 0%;"
		,"class": "WHITE"
	}
	,{
		"text": "誰が<br/>あんな目的で<br/>食べる！？"
		,"style": "font-size: 16em;left: 78%;top: 64.5%;border-radius: 0%;"
		,"class": "WHITE"
	}
	,{
		"text": "あと、ぼくが<br/>泣いてた<br/>のは…"
		,"style": "font-size: 16em;left: 42%;top: 73%;border-radius: 0%;"
		,"class": "WHITE"
	}
	,{
		"text": "いや、どうでも<br/>いいだろ！？<br/>人が泣いてるの<br/>見てるなんて<br/>気味が悪い！"
		,"style": "font-size: 16em;left: 41%;top: 79.5%;border-radius: 0%;"
		,"class": "WHITE BOLD"
	}
	,{
		"text": "この歌<br/>全部<br/>キモい！"
		,"style": "font-size: 18em;left: 80%;top: 88%;border-radius: 0%;"
		,"class": "WHITE BOLD"
	}
]