[
	{
		"text": "あぁ、うん。<br/>そういう物を<br/>専門に取り扱う所<br/>知ってるよ。<br/><span style=\"font-weight: bold;\">音楽</span>関係とか。<br/>魔法はないが"
		,"style": "font-size: 14em;left: 12%;top: 3%;border-radius: 0%;"
		,"class": "WHITE"
	}
	,{
		"text": "明日<br/>遊びに行こう"
		,"style": "font-size: 15em;left: 13%;top: 14.5%;border-radius: 0%;"
		,"class": "WHITE"
	}
	,{
		"text": "パンドラ<br/>連れて<br/>来たら嫌か?"
		,"style": "font-size: 14em;left: 44%;top: 20%;border-radius: 0%;"
		,"class": "WHITE"
	}
	,{
		"text": "カズの<br/>生物学の<br/>課題？"
		,"style": "font-size: 16em;left: 69.5%;top: 4%;border-radius: 0%;"
		,"class": "WHITE"
	}
	,{
		"text": "なんで、<br/>彼女に<br/>夢中<br/>なんだ?"
		,"style": "font-size: 14em;left: 80.5%;top: 4%;border-radius: 0%;"
		,"class": "WHITE"
	}
	,{
		"text": "自分でも<br/>分からない。<br/>彼女が<br/>いいんだ"
		,"style": "font-size: 14em;left: 11.5%;top: 51.5%;border-radius: 0%;"
		,"class": "WHITE"
	}
	,{
		"text": "とにかく<br/>まぁ"
		,"style": "font-size: 16em;left: 46%;top: 53%;border-radius: 0%;"
		,"class": "WHITE"
	}
	,{
		"text": "カズも連れて<br/>こなきゃ<br/>いいよ"
		,"style": "font-size: 16em;left: 46%;top: 58%;border-radius: 0%;"
		,"class": "WHITE"
	}
	,{
		"text": "彼女の番号<br/>知ってる？<br/>そもそも電話<br/>持ってる?"
		,"style": "font-size: 15em;left: 78%;top: 51.5%;border-radius: 0%;"
		,"class": "WHITE"
	}
	,{
		"text": "いや、<br/>彼女達の家へ<br/>寄るだけで<br/>いいさ"
		,"style": "font-size: 15em;left: 12%;top: 79%;border-radius: 0%;"
		,"class": "WHITE"
	}
	,{
		"text": "この<br/>ハンサム顔に<br/>誰がダメって<br/>言える？"
		,"style": "font-size: 16em;left: 75%;top: 79%;border-radius: 0%;"
		,"class": "WHITE"
	}
]