[
	{
		"text": "かなり生意気<br/>じゃねぇか？<br/>俺達の仲間２人が<br/>殺された直後に<br/>古物商が１人で<br/>来るか？"
		,"style": "font-size: 14em;left: 13.5%;top: 4%;border-radius: 0%;"
		,"class": "WHITE"
	}
	,{
		"text": "君達がギターを<br/>手渡す契約を<br/>俺は信じて…"
		,"style": "font-size: 18em;left: 37%;top: 6%;border-radius: 0%;"
		,"class": "WHITE"
	}
	,{
		"text": "地獄で<br/>契約しな！"
		,"style": "font-size: 20em;left: 61%;top: 5%;border-radius: 0%;"
		,"class": "WHITE BOLD"
	}
	,{
		"text": "俺達を脅して<br/>従わせたいなら、<br/>黒い殉教者でも<br/>連れてこい！"
		,"style": "font-size: 16em;left: 74%;top: 6%;border-radius: 0%;"
		,"class": "WHITE"
	}
	,{
		"text": "お前に答えてやる<br/>義理はない。<br/>それに、お前の頭を<br/>ギターケースに詰めて<br/><span style=\"font-weight: bold;\">ソレを</span>ストラツィオに<br/>送ってやる"
		,"style": "font-size: 15em;left: 74%;top: 27%;border-radius: 0%;"
		,"class": "WHITE"
	}
	,{
		"text": "全く<br/>ひどい<br/>誤解だよ"
		,"style": "font-size: 16em;left: 9%;top: 44%;width: 102px"
		,"class": "WHITE"
	}
	,{
		"text": "第一、<br/>ケースは<br/>空だ"
		,"style": "font-size: 16em;left: 71%;top: 45%;width: 88px;border-radius: 0%;"
		,"class": "WHITE"
	}
	,{
		"text": "何？！"
		,"style": "font-size: 26em;left: 15.5%;top: 74.5%;border-radius: 0%;"
		,"class": "WHITE BOLD"
	}
	,{
		"text": "誰かが盗んだ<br/>と言う気か?!<br/>貴様一体<br/>何をした?!"
		,"style": "font-size: 18em;left: 43%;top: 58.5%;border-radius: 0%;"
		,"class": "WHITE BOLD"
	}
]