[
	{
		"text": "ありがとう。<br/>君達はとても<br/>親切だね"
		,"style": "font-size: 18em;left: 22.5%;top: 23%;border-radius: 0%;"
		,"class": "WHITE"
	}
	,{
		"text": "当然です。<br/>ギターは<br/>その隅です。<br/>どうぞ確認を"
		,"style": "font-size: 16em;left: 41%;top: 4%;border-radius: 0%;"
		,"class": "WHITE"
	}
	,{
		"text": "そう<br/>するよ"
		,"style": "font-size: 16em;left: 58%;top: 7%;border-radius: 0%;"
		,"class": "WHITE"
	}
	,{
		"text": "おやおや、<br/>これはどういう<br/>ことかな？"
		,"style": "font-size: 16em;left: 80.5%;top: 75%;border-radius: 0%;"
		,"class": "WHITE"
	}
]