[
	{
		"text": "早く来てる、<br/>でもクールに<br/>見せようと<br/>してる"
		,"style": "font-size: 14em;left: 30%;top: 5%;border-radius: 0%;"
		,"class": "WHITE"
	}
	,{
		"text": "ぼくに<br/>気づいた!"
		,"style": "font-size: 16em;left: 50%;top: 7%;border-radius: 0%;"
		,"class": "WHITE"
	}
	,{
		"text": "…でもまた<br/>クールに<br/>見せに<br/>戻った"
		,"style": "font-size: 15em;left: 60%;top: 6%;border-radius: 0%;"
		,"class": "WHITE"
	}
	,{
		"text": "OK、<br/>立場を逆転<br/>させる時よ、<br/><span style=\"font-weight: bold;\">グレーテル<br/>スタイルで!</span>"
		,"style": "font-size: 15em;left: 81.5%;top: 5%;border-radius: 0%;"
		,"class": "WHITE"
	}
	,{
		"text": "だーれだ、<br/>こん畜生!?"
		,"style": "font-size: 16em;left: 14%;top: 36.5%;border-radius: 0%;"
		,"class": "WHITE BOLD"
	}
	,{
		"text": "グラックル?"
		,"style": "font-size: 15em;left: 62%;top: 43%;border-radius: 0%;"
		,"class": "WHITE"
	}
	,{
		"text": "じ…十分<br/>近いかな"
		,"style": "font-size: 16em;left: 84%;top: 49%;border-radius: 0%;"
		,"class": "WHITE"
	}
	,{
		"text": "<span style=\"font-weight: bold;\">ブワッ<br/>ホー ホー！</span><br/>優雅な美女<br/>だと思ったか、<br/>本当の私は<br/>情緒不安定な<br/>狂人よ！"
		,"style": "font-size: 14em;left: 12.5%;top: 63%;border-radius: 0%;"
		,"class": "WHITE"
	}
	,{
		"text": "ラカップスは<br/>オレが書いた<br/>歌のこと<br/>言ってるの？"
		,"style": "font-size: 15em;left: 57.5%;top: 63.3%;border-radius: 0%;"
		,"class": "WHITE"
	}
	,{
		"text": "“ラカップス”!?<br/>ぼくのこと？<br/>何でそんなに名前<br/>覚えるの苦手！？"
		,"style": "font-size: 15em;left: 74%;top: 63.5%;border-radius: 0%;"
		,"class": "WHITE BOLD"
	}
]