[
	{
		"text": "う…<br/>うわぁ"
		,"style": "font-size: 16em;left: 54.5%;top: 69.5%;border-radius: 0%;"
		,"class": "WHITE"
	}
	,{
		"text": "逃げろ<br/>！"
		,"style": "font-size: 21em;left: 66%;top: 72%;height: 60px;display: flex;align-items: center;border-radius: 0%;"
		,"class": "WHITE BOLD"
	}
	,{
		"text": "行け!"
		,"style": "font-size: 20em;left: 77.5%;top: 92%;border-radius: 0%;"
		,"class": "WHITE BOLD"
	}
	,{
		"text": "行け!"
		,"style": "font-size: 21em;left: 83%;top: 93%;border-radius: 0%;"
		,"class": "WHITE BOLD"
	}
	,{
		"text": "行け!"
		,"style": "font-size: 21em;left: 88%;top: 91%;border-radius: 0%;"
		,"class": "WHITE BOLD"
	}
]