[
	{
		"text": "オゥイェーイ<br/>君の歌よ。<br/>あれ<span style=\"font-weight: bold;\">超</span>メタル<br/>なら嬉しいわね"
		,"style": "font-size: 15em;left: 12%;top: 3%;border-radius: 0%;"
		,"class": "WHITE"
	}
	,{
		"text": "<span style=\"font-weight: bold;\">芋虫や血の</span><br/>歌大好き！<br/>ラブソングの<br/>クソはダメね"
		,"style": "font-size: 16em;left: 12.6%;top: 11%;border-radius: 0%;"
		,"class": "WHITE"
	}
	,{
		"text": "あー、うん。<br/>あれは…<br/>大体芋虫に<br/>ついてかな"
		,"style": "font-size: 14em;left: 67.5%;top: 4%;border-radius: 0%;"
		,"class": "WHITE"
	}
	,{
		"text": "<span style=\"font-weight: bold;\">本物のメタル</span><br/>やるなら、<br/>楽しむ時に<br/>鼻の上に芋虫を<br/>置くのよ"
		,"style": "font-size: 15em;left: 6%;top: 33%;border-radius: 0%;"
		,"class": "WHITE"
	}
	,{
		"text": "当然、<br/>かな？"
		,"style": "font-size: 18em;left: 34.5%;top: 35%;border-radius: 0%;"
		,"class": "WHITE"
	}
	,{
		"text": "それで私が君を<br/>未知の、危険な場所へ<br/>連れて行って<br/>悪い事が起きたら<br/>生きた盾にしても<br/>いい？"
		,"style": "font-size: 14em;left: 48%;top: 33%;border-radius: 0%;"
		,"class": "WHITE"
	}
	,{
		"text": "いいよ"
		,"style": "font-size: 20em;left: 79%;top: 35.6%;border-radius: 0%;"
		,"class": "WHITE"
	}
	,{
		"text": "よし、頼んだ。<br/>大事になっても<br/>罪悪感を感じる<br/>必要はないわね"
		,"style": "font-size: 16em;left: 13%;top: 64%;border-radius: 0%;"
		,"class": "WHITE"
	}
	,{
		"text": "君の恐怖心の<br/>無さは不思議と<br/>力が湧いてくるわ"
		,"style": "font-size: 16em;left: 34%;top: 65.5%;border-radius: 0%;"
		,"class": "WHITE"
	}
	,{
		"text": "さぁ、手を取って<br/><span style=\"font-weight: bold;\"><ruby>深淵<rp>(</rp><rt>アビス</rt><rp>)</rp></ruby>へゴーよ！</span>"
		,"style": "font-size: 15em;left: 39%;top: 72.2%;border-radius: 0%;"
		,"class": "WHITE"
	}
]