[
	{
		"text": "君となら<br/>楽しめると<br/>思ったけど、<br/>違った"
		,"style": "font-size: 17em;left: 10%;top: 17%;border-radius: 0%;"
		,"class": "WHITE"
	}
	,{
		"text": "最初から<br/>叩き潰すべき<br/>だったわ"
		,"style": "font-size: 17em;left: 13.5%;top: 27%;border-radius: 0%;"
		,"class": "WHITE"
	}
	,{
		"text": "全部<br/>エリーが悪い。<br/>彼を擦り潰せば<br/>メイメイは奴のこと<br/>二度と考えずに<br/>すむわ!"
		,"style": "font-size: 16em;left: 68%;top: 46.7%;border-radius: 0%;"
		,"class": "WHITE"
	}
	,{
		"text": "奴の痕跡を<br/>跡形もなく<br/>消してやる、<br/>手始めはお前よ!"
		,"style": "font-size: 18em;left: 70%;top: 60%;border-radius: 0%;"
		,"class": "WHITE BOLD"
	}
	,{
		"text": "一体…"
		,"style": "font-size: 18em;left: 7%;top: 82%;border-radius: 0%;"
		,"class": "WHITE BOLD"
	}
	,{
		"text": "誰よ…"
		,"style": "font-size: 23em;left: 10%;top: 86.5%;border-radius: 0%;"
		,"class": "WHITE BOLD"
	}
	,{
		"text": "エリー<br/>って??"
		,"style": "font-size: 22em;left: 72%;top: 89%;border-radius: 0%;"
		,"class": "WHITE BOLD"
	}
]