[
	{
		"text": "血とか飲んでも<br/>オレはパンドラ<br/>の半分も強く<br/>なれねぇよ"
		,"style": "font-size: 15em;left: 8%;top: 5.7%;border-radius: 0%;"
		,"class": "WHITE"
	}
	,{
		"text": "ダメそうだ。<br/>だから頼む、<br/>俺の誇りに免じて<br/>ここは逃げてくれ"
		,"style": "font-size: 15em;left: 46%;top: 9.8%;border-radius: 0%;"
		,"class": "WHITE"
	}
	,{
		"text": "俺が何か<br/>クールなこと<br/>したフリでも<br/>して…"
		,"style": "font-size: 15em;left: 48%;top: 19.5%;border-radius: 0%;"
		,"class": "WHITE"
	}
]