[
	{
		"text": "ぐ!"
		,"style": "font-size: 12em;left: 22.3%;top: 16.5%;border-radius: 0%;"
		,"class": "WHITE"
	}
	,{
		"text": "ごめんデビライザー。<br/>僕にはまだ<br/>愛で世界を救う<br/>方法は分からない"
		,"style": "font-size: 14em;left: 8%;top: 23.5%;height: 79px;border-radius: 0%;"
		,"class": "WHITE"
	}
	,{
		"text": "今は妥協するよ<br/>２番目に<br/>良いお薬の…"
		,"style": "font-size: 14em;left: 49%;top: 33.5%;width:133px; height: 65px;border-radius: 0%;"
		,"class": "WHITE"
	}
	,{
		"text": "お薬で！"
		,"style": "font-size: 30em;left: 60%;top: 73%;width: 144px; height: 50px;border-radius: 0%;"
		,"class": "CENTER WHITE BOLD"
	}
]