[
	{
		"text": "こちらは<br/>Dr.エースの<br/>お子さんだ"
		,"style": "font-size: 16em;left: 13%;top: 5%;border-radius: 0%;"
		,"class": "WHITE"
	}
	,{
		"text": "何ですってぇぇ?"
		,"style": "font-size: 16em;left: 26%;top: 6.5%;transform: rotate(2deg);border-radius: 0%;"
		,"class": "WHITE BOLD"
	}
	,{
		"text": "<span style=\"font-weight: bold;\">当然だけど、</span><br/>君のパパがハンサムな<br/>新妻が欲しければ、<br/>いつでも離婚するわよ"
		,"style": "font-size: 14em;left: 47.5%;top: 3%;border-radius: 0%;"
		,"class": "WHITE"
	}
	,{
		"text": "おいぃぃ…"
		,"style": "font-size: 15em;left: 45.5%;top: 10.5%;transform: rotate(3deg);border-radius: 0%;"
		,"class": "WHITE"
	}
	,{
		"text": "わかんない。<br/>パパはママ<br/>大好きだし"
		,"style": "font-size: 12em;left: 70%;top: 5%;border-radius: 0%;"
		,"class": "WHITE"
	}
	,{
		"text": "それに、<br/>君達はすごく<br/>お似合いだし"
		,"style": "font-size: 14em;left: 79%;top: 6.5%;border-radius: 0%;"
		,"class": "WHITE"
	}
	,{
		"text": "同感だ。実際、<br/>俺はデビライザーと<br/>ダークレディが<br/>番組でも結婚して<br/>欲しい"
		,"style": "font-size: 14em;left: 5.5%;top: 35.5%;border-radius: 0%;"
		,"class": "WHITE"
	}
	,{
		"text": "結局、<br/>愛だけが悪に<br/>打ち勝てる"
		,"style": "font-size: 16em;left: 9.6%;top: 44%;border-radius: 0%;"
		,"class": "WHITE"
	}
	,{
		"text": "それ何か<br/>パパの言うこと<br/>みたい"
		,"style": "font-size: 14em;left: 79.5%;top: 48.8%;height:65px;display: flex;align-items: center;border-radius: 0%;"
		,"class": "WHITE"
	}
	,{
		"text": "誤解しないでくれよ…<br/>もし<span style=\"font-weight: bold;\">本当に酷いこと</span>が<br/>起きたなら、<br/>小さな爪の暴力は<br/>それを止められる<br/>唯一の手だろう"
		,"style": "font-size: 14em;left: 11%;top: 61%;border-radius: 0%;"
		,"class": "WHITE"
	}
	,{
		"text": "だがそれは<br/>一時的な<br/>解決だ"
		,"style": "font-size: 16em;left: 34%;top: 61%;border-radius: 0%;"
		,"class": "WHITE"
	}
	,{
		"text": "暴力では<br/>世界は<br/>救えない"
		,"style": "font-size: 16em;left: 34%;top: 68%;width: 83px;border-radius: 0%;"
		,"class": "WHITE"
	}
	,{
		"text": "愛だけが<br/>世界を<br/>救えるんだ"
		,"style": "font-size: 16em;left: 62%;top: 64%;border-radius: 0%;"
		,"class": "WHITE"
	}
]