[
	{
		"text": "アタイが<br/>クールか君が<br/>超ダサいだけ<br/>じゃない？"
		,"style": "font-size: 15em;left: 12.5%;top: 14%;border-radius: 0%;"
		,"class": "WHITE"
	}
	,{
		"text": "要は、わざと<br/>弱くなるなんて<br/>何てバカなの?<br/>メイメイは<br/>彼の根性<br/>きっと嫌うわ"
		,"style": "font-size: 16em;left: 25.5%;top: 17%;border-radius: 0%;"
		,"class": "WHITE"
	}
	,{
		"text": "まぁ、<br/>とにかく。<br/>彼は最早<br/>路上のクッキー"
		,"style": "font-size: 15em;left: 16.5%;top: 32.5%;border-radius: 0%;"
		,"class": "WHITE"
	}
	,{
		"text": "さぁ<br/>ケンカ<br/>しましょ"
		,"style": "font-size: 16em;left: 32%;top: 34%;border-radius: 0%;"
		,"class": "WHITE"
	}
	,{
		"text": "怖がら<br/>ないで。<br/>戦いは<br/>楽しいわ"
		,"style": "font-size: 16em;left: 50.8%;top: 31.5%;border-radius: 0%;"
		,"class": "WHITE"
	}
	,{
		"text": "いい<br/>パンチ<br/>頂戴。<br/>カモン"
		,"style": "font-size: 16em;left: 60.5%;top: 34.5%;border-radius: 0%;"
		,"class": "WHITE"
	}
]