[
	{
		"text": "あり得ない強さを持つ"
		,"style": "font-size: 14em;left: 39.5%;top: 5%;width: 226px;border-radius: 0%;"
		,"class": "WHITE BOLD"
	}
	,{
		"text": "その男は誰だ？"
		,"style": "font-size: 14em;left: 42%;top: 6.5%;width: 145px;border-radius: 0%;"
		,"class": "WHITE BOLD"
	}
	,{
		"text": "真紅の荒野を"
		,"style": "font-size: 14em;left: 39.5%;top: 8.5%;width: 219px;border-radius: 0%;"
		,"class": "WHITE BOLD"
	}
	,{
		"text": "歩き続け"
		,"style": "font-size: 14em;left: 44%;top: 10%;width: 117px;border-radius: 0%;"
		,"class": "WHITE BOLD"
	}
	,{
		"text": "勇敢に"
		,"style": "font-size: 14em;left: 15.5%;top: 41.2%;width: 102px;border-radius: 0%;"
		,"class": "WHITE BOLD"
	}
	,{
		"text": "苦難を背負い"
		,"style": "font-size: 14em;left: 11.5%;top: 42.5%;width: 133px;border-radius: 0%;"
		,"class": "WHITE BOLD"
	}
	,{
		"text": "敵は苦痛に"
		,"style": "font-size: 14em;left: 22%;top: 45.5%;width: 90px;border-radius: 0%;"
		,"class": "WHITE BOLD"
	}
	,{
		"text": "悲鳴をあげ、"
		,"style": "font-size: 14em;left: 17%;top: 47%;width: 133px;border-radius: 0%;"
		,"class": "WHITE BOLD"
	}
	,{
		"text": "彼は全身で"
		,"style": "font-size: 14em;left: 80.5%;top: 45.3%;width: 122px;border-radius: 0%;"
		,"class": "WHITE BOLD"
	}
	,{
		"text": "慟哭する…"
		,"style": "font-size: 14em;left: 80%;top: 47%;width: 107px;border-radius: 0%;"
		,"class": "WHITE BOLD"
	}
	,{
		"text": "正義の花！"
		,"style": "font-size: 20em;left: 38%;top: 90.5%;width: 254px;border-radius: 0%;"
		,"class": "WHITE BOLD"
	}
]