[
	{
		"text": "君の苦しみなど<br/>取るに足らないし、<br/>他の誰かが<br/>彼に今以上の<br/>苦痛を与えるさ"
		,"style": "font-size: 16em;left: 19%;top: 4%;border-radius: 0%;"
		,"class": "WHITE"
	}
	,{
		"text": "彼は<br/>何度も<br/>死んでる…"
		,"style": "font-size: 16em;left: 68.5%;top: 7.5%;border-radius: 0%;"
		,"class": "WHITE"
	}
	,{
		"text": "彼の死体は<br/>引きずり出され<br/>縫い合わされて<br/>何度も死に送られる"
		,"style": "font-size: 14em;left: 65.5%;top: 26.5%;border-radius: 0%;"
		,"class": "WHITE"
	}
	,{
		"text": "呪いが彼を<br/>生物兵器に変えた…<br/>死と破壊が彼の足元に<br/>追いすがるのさ"
		,"style": "font-size: 16em;left: 63.5%;top: 43%;border-radius: 0%;"
		,"class": "WHITE"
	}
	,{
		"text": "寝る前にそれを<br/>考えればいいさ<br/>それで君の気が<br/>少しでも晴れる<br/>ならね"
		,"style": "font-size: 15em;left: 39.5%;top: 63.4%;border-radius: 0%;"
		,"class": "WHITE"
	}
	,{
		"text": "な…"
		,"style": "font-size: 20em;left: 87%;top: 66%;border-radius: 0%;"
		,"class": "WHITE BOLD"
	}
	,{
		"text": "♪お前にゃプラチナのファンキーなケツがある！♪<br/>お前は俺のプラチナのファンキーなベイビーだ！"
		,"style": "font-size: 28em;left: 15%;top: 76%;width: 660px;border-radius: 0%;"
		,"class": "WHITE BOLD"
	}
]