[
	{
		"text": "俺、トレモロ<br/>ブラッドストーム<br/>サーペントロードが<br/>テメェの限界に<br/>挑戦だ、<br/>金曜朝<br/>場所はここ!"
		,"style": "font-size: 14em;left: 9%;top: 8%;width: 138px;height: 128px;border-radius: 0%;"
		,"class": "CENTER WHITE BOLD"
	}
	,{
		"text": "勝てば<br/>ギターは<br/>そのまま…<br/>負けたら<br/>返せ"
		,"style": "font-size: 16em;left: 69%;top: 22%;width: 102px;height: 105px;border-radius: 0%;"
		,"class": "CENTER WHITE BOLD"
	}
	,{
		"text": "もし挑戦を<br/>拒否すれば…<br/>そしたら…"
		,"style": "font-size: 16em;left: 72%;top: 32.5%;width: 102px;height: 87px;border-radius: 0%;"
		,"class": "CENTER WHITE BOLD"
	}
	,{
		"text": "殺害の時間だ!"
		,"style": "font-size: 55em;left: 11%;top: 61.8%;width: 503px;height: 46px;transform: rotate(3deg);border-radius: 0%;"
		,"class": "CENTER WHITE BOLD"
	}
]