[
	{
		"text": "あぐ!"
		,"style": "font-size: 12em;left: 11.4%;top: 10%;width: 34px;height: 21px;border-radius: 0%;"
		,"class": "CENTER WHITE BOLD"
	}
	,{
		"text": "崩落<br/>だと?!"
		,"style": "font-size: 16em;left: 71%;top: 35%;width: 59px;height: 52px;border-radius: 0%;"
		,"class": "CENTER WHITE BOLD"
	}
	,{
		"text": "メッヘッヘッ…"
		,"style": "font-size: 16em;left: 74.5%;top: 85.2%;width: 125px;height: 31px;border-radius: 0%;"
		,"class": "CENTER WHITE BOLD"
	}
]