[
	{
		"text": "とにかく、この場所は<br/>雇い主達には秘密で、<br/>リケットは安全だ"
		,"style": "font-size: 13em;left: 10%;top: 1.5%;width: 146px;height: 103px;border-radius: 50%;"
		,"class": "CENTER WHITE"
	}
	,{
		"text": "奴らの所で<br/>働いてるのに<br/>奴ら住所<br/>知らねぇの?"
		,"style": "font-size: 13em;left: 41%;top: 1.8%;width: 92px;height: 86px;border-radius: 0%;"
		,"class": "CENTER WHITE"
	}
	,{
		"text": "あぁうん、彼らは都心に<br/>高級住宅を用意したけど<br/>この場所は彼らが<br/>くれる僅かなお金で<br/>僕が用意したんだ"
		,"style": "font-size: 12em;left: 56%;top: 2.5%;width: 133px;height: 89px;border-radius: 0%;"
		,"class": "CENTER WHITE"
	}
	,{
		"text": "<span style=\"font-weight: bold;\">何ですってぇぇ!?</span>普通の家があるのに<br/>こんなボロに<br/>住んでるの!?<span style=\"font-weight: bold;\">何でよ?</span>"
		,"style": "font-size: 12em;left: 81%;top: 4%;width: 108px;height: 95px;border-radius: 0%;"
		,"class": "CENTER WHITE"
	}
	,{
		"text": "ただ…"
		,"style": "font-size: 16em;left: 11%;top: 31.5%;width: 76px;height: 47px;border-radius: 50%;"
		,"class": "CENTER WHITE"
	}
	,{
		"text": "君と一緒に<br/>居たかった<br/>から"
		,"style": "font-size: 14em;left: 11%;top: 54%;width: 104px;height: 76px;border-radius: 50%;"
		,"class": "CENTER WHITE"
	}
	,{
		"text": "おい<br/>おい<br/>おい<br/>…"
		,"style": "font-size: 14em;left: 66.5%;top: 29.5%;width: 69px;height: 83px;border-radius: 50%;"
		,"class": "CENTER WHITE BOLD"
	}
	,{
		"text": "どういうこと?<br/>この人君の<br/>パパか何か?<br/>麻薬売った金で<br/>同棲してるの?"
		,"style": "font-size: 14em;left: 76%;top: 29.5%;width: 121px;height: 102px;border-radius: 0%;"
		,"class": "CENTER WHITE"
	}
	,{
		"text": "黙れ<br/>ヤギー"
		,"style": "font-size: 16em;left: 79%;top: 39.5%;width: 72px;height: 38px;border-radius: 0%;"
		,"class": "CENTER WHITE BOLD"
	}
	,{
		"text": "あの、カズ…<br/>大丈夫？<br/>ここ来てから<br/>一言も喋って<br/>ないけど"
		,"style": "font-size: 13em;left: 37%;top: 64%;width: 114px;height: 112px;border-radius: 50%;"
		,"class": "CENTER WHITE"
	}
	,{
		"text": "こんなこと<br/>止めるんだ"
		,"style": "font-size: 16em;left: 84.5%;top: 74.5%;width: 103px;height: 85px;border-radius: 50%;"
		,"class": "CENTER WHITE BOLD"
	}
	,{
		"text": "は?"
		,"style": "font-size: 16em;left: 89%;top: 87.5%;width: 53px;height: 39px;border-radius: 50%;"
		,"class": "CENTER WHITE"
	}
]