[
	{
		"text": "僕の両親や<br/>数えきれない程の<br/>労働者達の命を奪った。<br/>祖父の恐怖や不満が<br/>無意識にピラミッドの<br/>破壊を引き起こしたんだ"
		,"style": "font-size: 12em;left: 15%;top: 7%;width: 156px;height: 132px;border-radius: 0%;"
		,"class": "CENTER WHITE"
	}
	,{
		"text": "彼の仕事、生活、<br/>家族は失われ…<br/>リケットと僕は<br/>助かった"
		,"style": "font-size: 12em;left: 47%;top: 14.4%;width: 105px;height: 88px;border-radius: 0%;"
		,"class": "CENTER WHITE"
	}
	,{
		"text": "手遅れだったが、祖父は<br/>呪いの原因を発見した。<br/>警告はピラミッドの<br/>そこら中の壁にあった、<br/>けど意味不明だった。<br/>分かったのは周囲を<br/>安全にしたければ<br/>落ち着く必要があることだ"
		,"style": "font-size: 12em;left: 73%;top: 8%;width: 156px;height: 171px;border-radius: 0%;"
		,"class": "CENTER WHITE"
	}
	,{
		"text": "不条理な状況に簡単な<br/>解決策はなかったが、<br/>祖父は隠居を選んだ"
		,"style": "font-size: 12em;left: 17%;top: 59.5%;width: 149px;height: 95px;border-radius: 0%;"
		,"class": "CENTER WHITE"
	}
	,{
		"text": "社会と団体から遠く離れ、<br/>静かで平穏な田舎の小屋で<br/>２人の孫を育てながらの<br/>余生を望んだ"
		,"style": "font-size: 12em;left: 66%;top: 76%;width: 163px;height: 93px;border-radius: 0%;"
		,"class": "CENTER WHITE"
	}
]