[
	{
		"text": "君がマイロ<br/>パンターノだね?<br/>お爺さんは<br/>どこですか?"
		,"style": "font-size: 12em;left: 16.6%;top: 4.3%;width: 96px;height: 72px;border-radius: 0%;"
		,"class": "CENTER WHITE"
	}
	,{
		"text": "死んだよ"
		,"style": "font-size: 13em;left: 65.7%;top: 11%;width: 52px;height: 27px;border-radius: 0%;"
		,"class": "CENTER WHITE"
	}
	,{
		"text": "僕の<br/>両親や"
		,"style": "font-size: 14em;left: 62%;top: 19%;width: 59px;height: 45px;border-radius: 0%;"
		,"class": "CENTER WHITE"
	}
	,{
		"text": "妹みたい<br/>にね"
		,"style": "font-size: 14em;left: 64%;top: 23.8%;width: 59px;height: 42px;border-radius: 0%;"
		,"class": "CENTER WHITE"
	}
	,{
		"text": "聞け<br/>マイロ"
		,"style": "font-size: 14em;left: 7.7%;top: 34.2%;width: 53px;height: 32px;border-radius: 0%;"
		,"class": "CENTER WHITE"
	}
	,{
		"text": "私を<br/>騙すな。<br/>私は嘘が<br/>分かる"
		,"style": "font-size: 14em;left: 29%;top: 32%;width: 67px;height: 79px;border-radius: 0%;"
		,"class": "CENTER WHITE"
	}
	,{
		"text": "私はこの友人程<br/>短気ではないが、<br/>遠回しも嫌いだ。<br/>率直に言おう"
		,"style": "font-size: 14em;left: 51.5%;top: 32%;width: 117px;height: 106px;border-radius: 0%;"
		,"class": "CENTER WHITE"
	}
	,{
		"text": "君達は自身を<br/>被害者と思うが、<br/>実際は、君の<br/>祖父は損害額や<br/>山程の死に対して<br/>君の想像以上に<br/>責任がある"
		,"style": "font-size: 14em;left: 8.8%;top: 82.5%;width: 125px;height: 127px;border-radius: 0%;"
		,"class": "CENTER WHITE"
	}
	,{
		"text": "私達はこの件を<br/>君の祖父に問う気だ<br/>例え君が阻もうとも"
		,"style": "font-size: 14em;left: 30.8%;top: 57%;width: 127px;height: 80px;border-radius: 0%;"
		,"class": "CENTER WHITE"
	}
	,{
		"text": "う…"
		,"style": "font-size: 12em;left: 42%;top: 65%;width: 35px;height: 16px;border-radius: 0%;"
		,"class": "CENTER WHITE"
	}
	,{
		"text": "さぁ<br/>どうする<br/>!?"
		,"style": "font-size: 18em;left: 73.4%;top: 60%;width: 96px;height: 72px;border-radius: 0%;"
		,"class": "CENTER WHITE BOLD"
	}
]