[
	{
		"text": "ん…"
		,"style": "font-size: 12em;left: 33%;top: 7%;width: 34px;height: 22px;border-radius: 50%;"
		,"class": "CENTER WHITE BOLD"
	}
	,{
		"text": "リケット?"
		,"style": "font-size: 12em;left: 54.5%;top: 5%;width: 57px;height: 31px;border-radius: 50%;"
		,"class": "CENTER WHITE"
	}
	,{
		"text": "僕は…"
		,"style": "font-size: 14em;left: 59%;top: 7%;width: 49px;height: 28px;border-radius: 50%;"
		,"class": "CENTER WHITE"
	}
	,{
		"text": "手術は<br/>成功した?"
		,"style": "font-size: 16em;left: 77%;top: 3.5%;width: 89px;height: 54px;border-radius: 50%;"
		,"class": "CENTER WHITE"
	}
	,{
		"text": "手術は<br/>成功した?"
		,"style": "font-size: 16em;left: 77%;top: 3.5%;width: 89px;height: 54px;border-radius: 50%;"
		,"class": "CENTER WHITE"
	}
	,{
		"text": "うん。<br/>虫は<br/>取れた"
		,"style": "font-size: 14em;left: 88%;top: 7.5%;width: 67px;height: 62px;border-radius: 50%;"
		,"class": "CENTER WHITE"
	}
	,{
		"text": "嘘を<br/>ついてて<br/>ゴメン…"
		,"style": "font-size: 14em;left: 32%;top: 44%;width: 74px;height: 78px;border-radius: 50%;"
		,"class": "CENTER WHITE"
	}
	,{
		"text": "僕はただ…<br/>どれだけ<br/>一緒にいれるか<br/>分からなかった"
		,"style": "font-size: 14em;left: 44%;top: 30%;width: 110px;height: 110px;border-radius: 50%;"
		,"class": "CENTER WHITE"
	}
	,{
		"text": "だから僕は<br/>君に幸せでいて<br/>欲しかった。<br/>少なくとも…<br/>不幸にしたく<br/>なかった"
		,"style": "font-size: 12em;left: 68%;top: 31%;width: 107px;height: 100px;border-radius: 50%;"
		,"class": "CENTER WHITE"
	}
	,{
		"text": "まぁ長いこと<br/>足踏みしてたけど<br/>これからは一緒に<br/>やっていこう?"
		,"style": "font-size: 14em;left: 14.5%;top: 61.5%;width: 155px;height: 95px;border-radius: 50%;"
		,"class": "CENTER WHITE"
	}
	,{
		"text": "秘密は<br/>無しね"
		,"style": "font-size: 14em;left: 47%;top: 62%;width: 70px;height: 36px;border-radius: 50%;"
		,"class": "CENTER WHITE"
	}
	,{
		"text": "あっ…"
		,"style": "font-size: 14em;left: 52%;top: 77.5%;width: 42px;height: 31px;border-radius: 50%;"
		,"class": "CENTER WHITE"
	}
	,{
		"text": "うわぁ"
		,"style": "font-size: 14em;left: 55.5%;top: 80%;width: 47px;height: 26px;border-radius: 50%;"
		,"class": "CENTER WHITE"
	}
	,{
		"text": "<span style=\"font-weight: bold;\">ねぇ!</span>僕の患者に<br/>何してるの!?<br/>ここから<br/>出てって!"
		,"style": "font-size: 14em;left: 67%;top: 61%;width: 88px;height: 107px;border-radius: 50%;"
		,"class": "CENTER WHITE"
	}
	,{
		"text": "よく<br/>休まないと<br/>新しい仕事の<br/>ために!"
		,"style": "font-size: 14em;left: 85.5%;top: 61.5%;width: 93px;height: 90px;border-radius: 50%;"
		,"class": "CENTER WHITE"
	}
	,{
		"text": "新しい…<br/>仕事?"
		,"style": "font-size: 14em;left: 81.5%;top: 83%;width: 58px;height: 46px;border-radius: 50%;"
		,"class": "CENTER WHITE"
	}
]