[
	{
		"text": "厳しいボス"
		,"style": "font-size: 30em;left: 38%;top: 5%;width: 202px;height: 45px;border-radius: 0%;"
		,"class": "CENTER WHITE BOLD"
	}
	,{
		"text": "しまった<br/>マーク見るの<br/>忘れてた<br/>死んでる!"
		,"style": "font-size: 16em;left: 39%;top: 9.8%;width: 119px;height: 90px;border-radius: 50%;"
		,"class": "CENTER WHITE"
	}
	,{
		"text": "俺は寝てた<br/>だけだ。なぜ<br/>死んでると<br/>思う?"
		,"style": "font-size: 16em;left: 29%;top: 33%;width: 124px;height: 152px;border-radius: 50%;"
		,"class": "CENTER WHITE"
	}
	,{
		"text": "<span style=\"font-weight: bold;\">仕事中に</span>寝てた?"
		,"style": "font-size: 25em;left: 29%;top: 54%;width: 137px;height: 119px;border-radius: 50%;"
		,"class": "CENTER WHITE"
	}
	,{
		"text": "あぁいや<br/>俺は死んでる"
		,"style": "font-size: 16em;left: 38%;top: 74%;width: 114px;height: 79px;border-radius: 50%;"
		,"class": "CENTER WHITE"
	}
]