[
	{
		"text": "約束は約束"
		,"style": "font-size: 16em;left: 38%;top: 5%;width: 206px;height: 28px;border-radius: 0%;"
		,"class": "CENTER WHITE BOLD"
	}
	,{
		"text": "<span>絵:<span style=\"color:#892E32;\">CosmicSpectrum</span></span>"
		,"style": "font-size: 16em;left: 26%;top: 7%;width: 218px;height: 28px;border-radius: 0%;"
		,"class": "CENTER WHITE BOLD"
	}
	,{
		"text": "話:REM"
		,"style": "font-size: 18em;left: 52%;top: 7%;width: 166px;height: 28px;border-radius: 0%;"
		,"class": "CENTER WHITE BOLD"
	}
	,{
		"text": "パンドラ!<br/>君に荷物が<br/>届いてるよ!"
		,"style": "font-size: 14em;left: 58%;top: 11%;width: 106px;height: 70px;border-radius: 50%;"
		,"class": "CENTER WHITE"
	}
	,{
		"text": "待って<br/>ヤメテ!"
		,"style": "font-size: 14em;left: 32%;top: 53%;width: 95px;height: 42px;border-radius: 50%;"
		,"class": "CENTER WHITE BOLD"
	}
	,{
		"text": "スゴい<br/>嬉しそう!<br/>やめさせる気に<br/>ならないよ…!"
		,"style": "font-size: 14em;left: 49%;top: 88%;width: 99px;height: 86px;border-radius: 50%;"
		,"class": "CENTER WHITE"
	}
]