[
	{
		"text": "再会"
		,"style": "font-size: 20em;left: 40.10%;top: 8.44%;width: 19.21%;height: 3.27%;border-radius: 0%;"
		,"class": "CENTER WHITE BOLD"
	}
	,{
		"text": "うぅ…"
		,"style": "font-size: 14em;left: 36.63%;top: 15.31%;width: 7.28%;height: 2.68%;border-radius: 50%;font-weight: normal;"
		,"class": "CENTER WHITE"
	}
	,{
		"text": "スケールズ?!"
		,"style": "font-size: 12em;left: 58.59%;top: 55.13%;width: 9.55%;height: 9.56%;border-radius: 50%;font-weight: normal;"
		,"class": "CENTER WHITE"
	}
	,{
		"text": "スケールズ<br/>無事<br/>だったか"
		,"style": "font-size: 12em;left: 31.15%;top: 74.83%;width: 9.55%;height: 7.29%;border-radius: 50%;font-weight: normal;"
		,"class": "CENTER WHITE"
	}
	,{
		"text": "超病気なので9章は数日後にします!<br/>私が咳込む合間に描いた<br/>この悲しい漫画を楽しんでね。:D<br/>9章は今週金曜22日開始です。 -Rem"
		,"style": "font-size: 13em;left: 24.94%;top: 92.26%;width: 50.84%;height: 5.70%;border-radius: 0%;font-weight: normal;border: 0px solid; #black;"
		,"class": "CENTER WHITE"
	}
]