[
	{
		"text": "デビルズキャンディの次ページを待たせて<br/>すみません!<br/>引越しに時間を<br/>取られています。<br/>ですが月曜のイラストを用意しました！"
		,"style": "font-size: 16em;left: 40.21%;top: 5.32%;width: 20.17%;height: 17.48%;border-radius: 0%;"
		,"class": "CENTER WHITE BOLD"
	}
	,{
		"text": "双子再び～。<br/>今回は性転換。<br/>（あまり変わらないと思います）"
		,"style": "font-size: 16em;left: 42.60%;top: 28.07%;width: 15.75%;height: 16.65%;border-radius: 0%;"
		,"class": "CENTER WHITE BOLD"
	}
	,{
		"text": "ピウス?　ストラツィア?"
		,"style": "font-size: 16em;left: 39.02%;top: 54.44%;width: 26.73%;height: 2.31%;border-radius: 0%;"
		,"class": "CENTER WHITE BOLD"
	}
	,{
		"text": "エラ??"
		,"style": "font-size: 16em;left: 45.11%;top: 58.14%;width: 10.38%;height: 2.68%;border-radius: 0%;"
		,"class": "CENTER WHITE BOLD"
	}
	,{
		"text": "ピウスは男性<br/>なのでシャツ無しで描けますね…!<br/>その…科学の<br/>ためです。"
		,"style": "font-size: 16em;left: 29.59%;top: 62.58%;width: 16.47%;height: 9.81%;border-radius: 0%;"
		,"class": "CENTER WHITE BOLD"
	}
	,{
		"text": "エリオットも…<br/>彼は…ほぼ同じ<br/>ですね。^^<br/>とても楽しいです、皆も楽しんで頂けると嬉しいです。"
		,"style": "font-size: 16em;left: 44.63%;top: 79.60%;width: 17.42%;height: 14.99%;border-radius: 0%;"
		,"class": "CENTER WHITE BOLD"
	}
]